name,class,N,E
골지천1-2,C,"37°27'53.18""","128°50'49.04"""
송천1,B,"37°39'12.39""","128°41'59.71"""
송천1-1,C,"37°34'31.62""","128°44'35.47"""
월정천,C,"37°39'56.88""","128°35'42.82"""
한강-1,C,"37°18'00.40""","128°37'00.90"""
한강-2,C,"37°16'38.00""","128°34'29.50"""
영월1,B,"37°10'55.00""","128°28'32.00"""
평창강1-2,A,"37°22'35.32""","128°23'33.21"""
평창강3-2,C,"37°17'18.92""","128°19'32.75"""
석문천(횡성),B,"37°33'06.27""","128°13'40.03"""
황둔천,C,"37°15'33.86""","128°11'17.08"""
주천강1-2,C,"37°17'24.48""","128°14'26.77"""
송한천2,A,"37°13'50.00""","128°16'22.60"""
삼화천,A,"37°09'37.02""","128°20'04.64"""
승당천,C,"37°10'38.26""","128°24'27.39"""
문곡천1,B,"37°15'19.27""","128°25'37.27"""
평창강3-1,B,"37°10'17.00""","128°27'20.00"""
영월2,D,"37°09'36.4""","128°29'45.0"""
옥동천1-2,C,"37°06'51.15""","128°40'06.13"""
동대천,C,"37°04'37.03""","128°30'53.89"""
남천(단양),C,"37°03'48.82""","128°29'35.61"""
보발천,C,"37°03'01.43""","128°25'12.26"""
임현천,B,"37°03'23.58""","128°23'12.48"""
매포천-1,B,"37°01'56.68""","128°18'57.50"""
솔티천,C,"36°58'54.04""","128°23'42.62"""
올산천,C,"36°52'13.60""","128°21'06.27"""
덕천2,B,"36°56'08.83""","128°18'15.48"""
고교천,C,"37°03'46.38""","128°11'19.55"""
팔송천,D,"37°09'05.72""","128°07'30.05"""
하소천,C,"37°07'52.30""","128°11'55.40"""
원박천,C,"37°06'21.78""","128°05'07.44"""
원서천-1,C,"37°10'13.37""","127°59'20.93"""
제천천3,C,"37°04'13.95""","128°01'48.20"""
성천,D,"36°55'04.00""","128°06'43.80"""
충주댐1,C,"37°00'30.30""","127°59'17.40"""
목행대교,C,"37°01'08.0""","127°55'08.8"""
흑천,C,"36°35'10.96""","127°40'30.41"""
중리천(청주),C,"36°38'16.82""","127°39'27.68"""
인경천,B,"36°37'24.10""","127°36'46.32"""
미원천2(청주),C,"36°36'16.05""","127°41'16.41"""
황암천,C,"36°42'46.06""","127°44'10.80"""
대전천(괴산),D,"36°43'42.38""","127°48'01.67"""
쌍천-1,C,"36°45'59.80""","127°59'32.16"""
쌍천-2,D,"36°47'07.00""","127°54'25.32"""
성황천(괴산),C,"36°48'20.04""","127°47'36.19"""
음성천-1,C,"36°55'23.27""","127°41'44.49"""
구안천,C,"36°54'58.20""","127°41'35.80"""
한벌천,A,"36°55'37.23""","127°44'53.29"""
오가천(괴산),C,"36°52'47.07""","127°56'05.54"""
달천3A-2,B,"36°56'23.00""","127°55'15.00"""
영평천,C,"36°58'57.00""","127°48'15.90"""
송강천(충주),D,"37°04'30.96""","127°57'03.67"""
구룡천(충주),B,"37°05'29.81""","127°52'31.83"""
앙성천2,C,"37°05'22.01""","127°48'34.46"""
원주,B,"37°12'16.60""","127°44'45.00"""
하수남천,A,"37°28'47.48""","128°02'53.48"""
장양천,B,"37°25'13.77""","127°57'43.90"""
화천(원주),C,"37°20'24.50""","127°57'57.30"""
석곡천(양평),B,"37°25'06.66""","127°45'07.63"""
서곡천-1,C,"37°18'25.60""","127°55'35.20"""
원심천1,D,"37°17'19.15""","127°47'10.26"""
섬강4-1,A,"37°14'30.90""","127°44'51.20"""
청미천-1,C,"37°07'43.60""","127°23'07.00"""
백봉천,C,"37°07'48.60""","127°23'50.20"""
방초천,D,"37°06'43.59""","127°25'52.03"""
장계천(안성),C,"37°04'00.90""","127°24'17.80"""
죽산천2(안성),C,"37°05'25.50""","127°26'33.30"""
화봉천,B,"37°05'35.80""","127°28'47.60"""
장릉천,C,"37°06'09.39""","127°31'09.63"""
전천(이천),C,"37°05'31.08""","127°32'30.90"""
제요천,C,"37°06'19.43""","127°33'16.06"""
응천-1,B,"37°01'05.55""","127°35'53.68"""
청미천1-4,C,"37°05'19.00""","127°37'06.00"""
설성천,D,"37°08'55.25""","127°37'33.39"""
관한천,C,"37°09'14.45""","127°39'06.97"""
금곡천(여주),C,"37°11'29.97""","127°40'02.92"""
강천-1,C,"37°13'38.00""","127°44'30.00"""
강천-2,C,"37°13'43.40""","127°42'11.90"""
강천,C,"37°16'25.00""","127°41'07.00"""
연양천,D,"37°14'13.30""","127°39'21.00"""
간매천,D,"37°17'09.70""","127°41'50.00"""
강천1,C,"37°16'56.90""","127°41'03.00"""
금당천-1,C,"37°20'43.83""","127°40'27.26"""
소양천,C,"37°17'59.47""","127°37'17.08"""
여주1-1,B,"37°17'48.20""","127°38'52.40"""
대신,C,"37°19'03.00""","127°36'49.00"""
한천(여주),B,"37°20'31.02""","127°37'12.20"""
여주1-2,D,"37°19'56.00""","127°36'16.00"""
계림천,C,"37°23'21.92""","127°35'35.29"""
곡수천1,C,"37°22'18.49""","127°34'25.15"""
여주3,C,"37°21'19.60""","127°34'20.00"""
도리천,C,"37°13'02.63""","127°30'42.50"""
안금천,B,"37°13'59.22""","127°33'21.63"""
매유천,C,"37°16'40.16""","127°33'48.14"""
양화천1-2,C,"37°20'02.00""","127°34'24.00"""
오천천(이천),C,"37°15'24.59""","127°21'25.52"""
매곡천(이천),C,"37°12'57.38""","127°23'25.77"""
동산천,C,"37°12'57.0""","127°25'04.0"""
두미천(이천),C,"37°12'12.87""","127°26'33.85"""
장암천,C,"37°13'57.79""","127°26'02.94"""
장록천,C,"37°15'07.10""","127°27'30.00"""
복하천1-1,C,"37°16'52.30""","127°28'25.00"""
신둔천,C,"37°17'39.45""","127°28'30.79"""
송말천,C,"37°20'00.58""","127°31'06.30"""
복하천2-1,C,"37°20'03.70""","127°32'14.00"""
신내천,C,"37°23'44.93""","127°33'03.57"""
이포(여주),C,"37°24'07.30""","127°32'28.70"""
이포(양평),C,"37°24'45.00""","127°32'14.00"""
향리천,D,"37°25'55.65""","127°31'56.23"""
용담천,C,"37°26'14.16""","127°30'15.07"""
갈운천,D,"37°32'18.65""","127°44'57.59"""
덕수천,A,"37°32'16.89""","127°41'11.44"""
부안천,D,"37°31'11.35""","127°39'41.39"""
지평천(양평),B,"37°29'54.13""","127°37'52.59"""
용문천2,B,"37°29'48.31""","127°36'12.48"""
강상,C,"37°29'11.50""","127°29'27.00"""
양근천,C,"37°29'44.05""","127°29'04.82"""
사탄천,D,"37°30'47.60""","127°27'01.66"""
항금천,A,"37°29'56.79""","127°24'28.73"""
가정천(양평),E,"37°32'54.57""","127°20'03.15"""
화천(화천),C,"38°05'34.90""","127°45'26.70"""
수입천2,D,"38°10'56.40""","127°54'02.24"""
청리천(양구),C,"38°05'57.33""","128°02'17.37"""
한전천,C,"38°08'00.52""","128°00'11.04"""
월명천,B,"38°06'56.52""","127°54'46.19"""
풍산천,C,"38°07'36.88""","127°45'10.69"""
파포천2,C,"38°08'22.17""","127°39'58.40"""
화천천-1,A,"38°08'40.53""","127°41'28.94"""
파포천3,C,"38°06'40.41""","127°42'32.79"""
논미천,C,"38°05'30.48""","127°41'00.32"""
지암천,C,"37°58'40.56""","127°38'16.06"""
한계천(춘천),D,"37°56'19.72""","127°43'25.49"""
춘천1-1,C,"37°55'19.50""","127°43'10.90"""
인북천-2,D,"38°16'01.10""","128°11'38.60"""
양지말천,C,"38°13'37.40""","128°12'35.30"""
인북천2,C,"38°05'18.00""","128°11'00.00"""
계방천,C,"37°50'59.87""","128°30'46.18"""
내린천-2,D,"37°56'34.41""","128°18'44.35"""
어론천,B,"37°58'28.40""","128°05'02.51"""
소양강2,B,"37°55'40.30""","127°47'26.00"""
율문천,D,"37°55'32.44""","127°44'33.89"""
금산천(춘천),C,"37°53'43.20""","127°41'09.64"""
공지천1,C,"37°52'07.60""","127°43'27.20"""
덕두원천,C,"37°51'12.27""","127°39'41.97"""
의암댐,B,"37°50'15.10""","127°40'32.30"""
서사천,D,"37°50'05.39""","127°33'27.80"""
소법천,C,"37°54'01.52""","127°33'01.81"""
개곡천,C,"37°52'09.02""","127°32'09.68"""
경반천,C,"37°49'54.63""","127°29'27.82"""
달전천,C,"37°49'01.72""","127°30'52.53"""
남이섬1,C,"37°44'22.00""","127°30'39.00"""
평천,C,"37°50'18.25""","128°00'51.20"""
내촌천2,C,"37°45'10.04""","128°10'43.96"""
화양강1,C,"37°45'36.93""","127°57'27.01"""
덕치천2,D,"37°41'50.56""","127°55'26.70"""
오안천,B,"37°40'23.09""","127°51'11.32"""
성동천2,C,"37°42'35.57""","127°51'34.58"""
전치곡천,C,"37°43'35.40""","127°47'45.98"""
양덕원천,D,"37°39'06.69""","127°45'56.83"""
구만천,C,"37°42'11.98""","127°41'39.75"""
명성천,B,"37°38'44.16""","127°37'04.83"""
홍천강2-1,C,"37°40'32.00""","127°36'41.00"""
동막천,C,"37°40'54.30""","127°35'05.60"""
길곡천(홍천),D,"37°41'12.80""","127°36'14.00"""
미원천1(가평),C,"37°37'13.03""","127°30'48.01"""
창의천,C,"37°40'44.92""","127°29'41.92"""
마일천,B,"37°50'18.08""","127°21'42.44"""
십이탄천,C,"37°48'22.44""","127°21'19.08"""
수리천(가평),C,"37°46'21.84""","127°26'30.37"""
가곡천,C,"37°41'41.98""","127°20'13.45"""
가일천,B,"37°35'40.01""","127°29'27.05"""
미세천,C,"37°38'21.56""","127°24'31.98"""
월산천(남양주),C,"37°39'14.56""","127°21'54.43"""
문호천-1,C,"37°36'15.22""","127°22'43.42"""
문호천1,D,"37°36'10.75""","127°21'01.74"""
삼봉리1,C,"37°34'33.70""","127°20'10.20"""
진중천,C,"37°33'22.90""","127°18'32.99"""
양지천(용인),C,"37°13'43.45""","127°14'42.09"""
금어천,C,"37°15'58.01""","127°13'11.19"""
신대천(용인),B,"37°16'55.41""","127°13'29.95"""
오산천1(모현),C,"37°20'28.20""","127°10'32.24"""
직리천2,C,"37°23'22.4""","127°14'44.3"""
상열미천,B,"37°21'08.04""","127°21'57.09"""
노곡천1,B,"37°18'06.60""","127°19'46.99"""
궁평천,C,"37°20'14.90""","127°19'23.70"""
곤지암천-3,C,"37°21'24.47""","127°19'43.10"""
학동천(광주),B,"37°22'39.12""","127°18'16.98"""
경안천5,D,"37°25'46.00""","127°18'30.00"""
번천1,B,"37°27'36.72""","127°14'32.36"""
경안천5A-1,C,"37°28'16.04""","127°17'43.41"""
팔당댐1,E,"37°31'37.70""","127°16'27.50"""
홍릉천,C,"37°35'39.60""","127°10'52.00"""
왕숙천-2,C,"37°47'09.10""","127°13'06.50"""
진건천,B,"37°42'27.99""","127°11'12.36"""
왕숙천1,C,"37°42'14.00""","127°10'06.20"""
덕송천,B,"37°39'31.44""","127°07'25.15"""
잠실,C,"37°31'25.9""","127°05'30.9"""
동막천-1,D,"37°20'54.44""","127°05'20.11"""
운중천,C,"37°23'15.57""","127°05'50.92"""
여수천,C,"37°24'50.90""","127°07'43.45"""
탄천4-1,C,"37°28'08.00""","127°07'19.80"""
여의천(서초),C,"37°27'40.79""","127°02'45.98"""
탄천5,,"37°30'37.10""","127°04'06.60"""
부용천,D,"37°44'57.42""","127°03'51.97"""
중랑천1,C,"37°44'13.80""","127°03'11.00"""
당현천,D,"37°38'23.29""","127°03'36.91"""
청계천3,C,"37°33'13.80""","127°03'04.80"""
중랑천5,B,"37°32'44.00""","127°01'57.00"""
반포천,D,"37°29'57.12""","126°59'24.19"""
노량진,B,"37°30'44.20""","126°57'46.40"""
영등포,B,"37°33'09.90""","126°53'45.00"""
청계사천,D,"37°23'34.12""","127°00'07.88"""
수암천,C,"37°23'41.90""","126°54'47.03"""
삼막천,B,"37°24'32.51""","126°54'46.18"""
대방천(영등포),B,"37°30'26.13""","126°53'36.62"""
안양천5,B,"37°32'52.20""","126°52'51.40"""
영등포1,C,"37°34'25.00""","126°51'50.30"""
향동천,A,"37°35'08.41""","126°52'38.61"""
북한천,B,"37°39'31.19""","126°56'50.83"""
성사천,C,"37°36'01.65""","126°50'33.62"""
대장천,B,"37°37'19.84""","126°48'06.44"""
행주1,C,"37°35'53.90""","126°48'53.90"""
대곡천(대곡),C,"37°37'19.87""","126°40'19.13"""
계양천1,C,"37°38'33.28""","126°42'24.66"""
고양,C,"37°38'49.50""","126°42'51.00"""
거물대천,C,"37°40'07.41""","126°37'10.64"""
봉성포천,C,"37°40'17.36""","126°38'28.69"""
장월평천,C,"37°40'55.86""","126°41'38.85"""
선유천,C,"37°40'50.53""","126°54'18.83"""
벽제천,C,"37°40'57.25""","126°53'35.30"""
원당천,C,"37°41'19.84""","126°51'08.57"""
장진천1,B,"37°44'29.87""","126°47'35.15"""
삽교천,C,"37°46'07.35""","126°45'51.94"""
사포교천,C,"37°46'33.46""","126°44'14.80"""
청룡두천,C,"37°44'46.19""","126°42'32.17"""
안월천,C,"38°06'40.41""","127°00'49.55"""
차곡천,C,"38°05'09.13""","127°01'10.79"""
임진강1,C,"38°03'21.30""","127°01'02.20"""
황공천,B,"38°02'32.01""","127°01'00.08"""
용화천(철원),B,"38°08'29.11""","127°18'23.63"""
건지천,C,"38°05'59.53""","127°12'35.45"""
사직천,C,"37°59'49.09""","127°20'38.28"""
금현천,D,"37°50'55.66""","127°10'22.46"""
구읍천,C,"37°53'17.48""","127°12'34.83"""
외북천,C,"38°00'03.94""","127°12'35.82"""
오가천(포천),B,"38°01'09.36""","127°11'27.21"""
청담천,C,"37°50'47.40""","127°03'26.40"""
회암천,D,"37°51'09.64""","127°04'05.51"""
신천2(동두천),C,"37°54'11.80""","127°02'56.30"""
동두천,C,"37°55'26.10""","127°03'23.78"""
대전천(연천),C,"38°00'32.43""","127°05'00.89"""
한탄강4,A,"38°01'06.50""","127°01'54.10"""
임진강3-1,B,"37°55'04.50""","126°49'39.80"""
월곶,C,0,0
안성천-1,B,"37°00'33.35""","127°17'23.09"""
옥정천,C,"36°59'00.98""","127°20'38.37"""
조령천1,D,"36°59'54.76""","127°19'14.66"""
안성천1,B,"37°00'04.20""","127°16'13.20"""
금석천(안성),C,"37°00'14.36""","127°14'39.94"""
한천1(안성),C,"37°05'49.10""","127°18'30.30"""
한천2,C,"37°03'49.67""","127°15'21.96"""
한천3,C,"36°59'21.09""","127°12'20.71"""
신릉천,C,"36°57'46.03""","127°13'35.18"""
안성천1-1,C,"36°57'57.55""","127°10'22.27"""
입장천-1,C,"36°55'01.35""","127°12'07.39"""
마정천,D,"36°54'26.58""","127°07'05.98"""
안성천3,D,"36°59'00.90""","127°04'48.10"""
도일천,B,"37°00'11.16""","127°03'31.25"""
송전천,B,"37°09'14.67""","127°12'05.35"""
봉무천,C,"37°06'51.43""","127°09'11.23"""
서호천,C,"37°14'33.38""","126°59'29.90"""
원천리천,C,"37°13'51.16""","127°01'44.97"""
관리천-1,D,"37°03'53.37""","126°57'11.82"""
서정리천,C,"37°01'06.42""","127°01'19.08"""
안성천4,C,"36°58'47.30""","126°58'29.60"""
관대천,C,"36°55'07.8""","127°02'19.2"""
둔포천,B,"36°56'04.46""","127°00'17.85"""
도대천,E,"36°56'17.11""","126°55'59.57"""
검단천(오류),C,"37°35'11.87""","126°35'37.25"""
공촌천,C,"37°32'33.41""","126°37'54.73"""
심곡천(원창),B,"37°31'12.14""","126°37'42.37"""
은행천,B,"37°24'29.7""","126°47'20.1"""
선행천-1,C,"37°44'07.60""","126°29'19.00"""
삼동암천,D,"37°41'40.23""","126°30'43.56"""
온수천(강화),D,"37°38'31.53""","126°30'47.86"""
안산천1,B,"37°19'13.93""","126°50'27.61"""
신길천,D,"37°19'30.81""","126°45'13.56"""
남전천,C,"37°14'47.40""","126°50'55.28"""
남양천(화성),B,"37°12'37.91""","126°49'26.62"""
발안천,C,"37°04'22.10""","126°52'58.10"""
초계천,B,"38°24'13.62""","128°28'06.83"""
물치천2,C,"38°08'55.75""","128°35'51.71"""
용천-3,C,"38°03'17.80""","128°36'27.40"""
양양1,C,"38°04'29.80""","128°37'50.50"""
상운천,C,"38°02'25.79""","128°41'14.71"""
도마천(강릉),B,"37°40'03.30""","128°50'31.67"""
포남,C,"37°45'52.00""","128°54'43.50"""
낙풍천,D,"37°37'11.83""","129°02'08.84"""
사직,B,"37°25'56.90""","129°10'41.70"""
마읍천2,C,"37°18'54.50""","129°12'06.28"""
호산천2,C,"37°10'20.12""","129°20'16.36"""
황지2-1,B,"37°03'25.19""","129°03'06.80"""
석포리천,D,"37°03'45.53""","129°07'37.91"""
석포4,C,"36°56'31.42""","129°00'50.99"""
가천(봉화),B,"36°51'49.90""","129°00'38.80"""
운곡천1,B,"36°59'32.74""","128°51'22.51"""
법전천,C,"36°53'57.72""","128°53'51.81"""
동계천(안동),D,"36°40'38.10""","128°53'52.65"""
구계천,B,"36°38'40.77""","128°54'39.59"""
안동-1,C,"36°34'48.58""","128°45'54.52"""
문상천,C,"36°45'15.28""","129°10'15.12"""
화원천,D,"36°38'59.06""","129°09'16.83"""
동천3,D,"36°36'36.63""","129°04'27.36"""
반변천1A-1,C,"36°32'45.69""","129°04'49.94"""
서시천,B,"36°32'28.60""","129°04'44.10"""
용전천-2,C,"36°20'56.40""","129°03'51.80"""
주산천2,B,"36°21'19.97""","129°05'04.31"""
괘천,C,"36°25'53.60""","129°03'21.60"""
일낙천,C,"36°28'42.91""","128°57'15.60"""
보현천,B,"36°16'45.40""","128°57'30.49"""
은계천,C,"36°15'10.88""","129°02'17.93"""
눌인천,C,"36°17'25.12""","129°00'47.66"""
송제천,B,"36°21'12.54""","128°55'36.30"""
현하천,C,"36°27'42.12""","128°53'15.62"""
반변천2-1,C,"36°33'03.20""","128°45'05.40"""
송야천-2,C,"36°34'38.39""","128°40'24.39"""
미천-1,D,"36°23'04.30""","128°48'33.09"""
미천-2,B,"36°25'02.22""","128°46'25.29"""
망율천,,"36°25'54.30""","128°39'17.20"""
안망천,B,"36°27'33.70""","128°42'19.19"""
노림천,C,"36°31'08.73""","128°42'28.24"""
안동3,C,"36°32'58.40""","128°35'51.70"""
안동4,B,"36°32'23.13""","128°27'46.23"""
광산천-1,C,"36°28'56.72""","128°31'53.85"""
신평천(의성),C,"36°29'43.79""","128°25'25.65"""
예천-1,C,"36°33'53.60""","128°17'49.90"""
가계천1,B,"36°55'07.46""","128°47'12.49"""
가계천2,E,"36°54'09.50""","128°44'33.43"""
내성천-3,C,"36°48'21.92""","128°41'45.28"""
토일천,C,"36°47'10.87""","128°44'11.53"""
금계천,B,"36°52'38.80""","128°31'59.48"""
죽계천2,C,"36°50'50.33""","128°36'25.19"""
옥계천-1,D,"36°46'31.35""","128°34'46.53"""
옥계천1,D,"36°43'21.90""","128°34'13.40"""
내성천5-1,D,"36°37'09.37""","128°29'16.24"""
한천-3(예천),C,"36°36'58.70""","128°25'19.88"""
내성천3-1,C,"36°35'13.30""","128°18'19.50"""
대하리천2,C,"36°41'13.30""","128°15'20.40"""
금천(예천),B,"36°35'04.07""","128°16'55.93"""
양산천1(문경),D,"36°40'19.11""","127°57'40.99"""
산이천(문경),B,"36°47'55.13""","128°09'11.78"""
가도천,B,"36°38'41.22""","128°12'45.04"""
시암천,D,"36°31'37.74""","128°04'48.93"""
지평천(상주),D,"36°33'46.00""","128°05'59.92"""
영강2,C,"36°32'03.90"""," 128°14'57.16"""
장산천,C,"36°17'29.45""","128°05'09.69"""
청리천(상주),C,"36°20'48.18""","128°06'51.92"""
외서천(상주),C,"36°27'58.90""","128°10'22.10"""
병성천-1,C,"36°26'04.00""","128°14'08.80"""
영순,,"36°32'13.60""","128°16'03.20"""
상주-1,C,"36°31'19.00""","128°16'00.00"""
상주1-1,D,"36°29'54.50""","128°16'05.90"""
상주1-2,C,"36°27'18.00""","128°15'32.00"""
상주1-3,C,"36°26'00.00""","128°14'58.00"""
상주2,D,"36°24'15.30""","128°18'18.80"""
가암천-1,B,"36°10'13.40""","128°50'21.54"""
덕천천(군위),C,"36°07'06.96""","128°46'20.17"""
위천-4,B,"36°10'56.15""","128°37'45.84"""
사창천(군위),B,"36°07'09.00""","128°34'46.32"""
위천2,C,"36°16'43.65""","128°29'38.68"""
위천1A-1,C,"36°19'27.72""","128°29'58.24"""
쌍계천-1,C,"36°13'50.30""","128°45'36.29"""
산마천,C,"36°16'24.50""","128°40'04.00"""
남대천2(의성),C,"36°18'53.54""","128°37'12.08"""
괴촌천,D,"36°22'53.40""","128°36'09.40"""
화신천,C,"36°20'00.54""","128°33'08.11"""
비산천(의성),D,"36°20'57.80""","128°26'19.20"""
위천2-2,E,"36°24'19.80""","128°19'48.90"""
상주2-1,C,"36°22'22.00""","128°18'38.00"""
상주3,C,"36°21'17.00""","128°17'41.00"""
산곡-1,C,"36°18'19.00""","128°18'26.00"""
산곡1,B,"36°16'23.20""","128°20'33.70"""
감천-1,B,"35°57'30.03""","128°00'22.71"""
무릉천(김천),B,"36°00'16.50""","128°00'42.20"""
감천-2,C,"36°01'59.99""","128°04'10.40"""
대방천(김천),B,"36°01'51.60""","128°07'45.23"""
직지사천,B,"36°07'48.21""","128°06'01.97"""
아천1,C,"36°10'43.97""","128°07'56.48"""
연봉천,C,"36°09'25.70""","128°13'31.00"""
봉곡천,C,"36°14'44.78""","128°15'40.25"""
감천2-1,B,"36°13'30.40""","128°20'08.20"""
산곡2,C,"36°11'41.90""","128°21'55.50"""
대망천,B,"36°12'44.20""","128°21'00.50"""
인노천,,"36°10'06.58""","128°22'13.98"""
구미천,C,"36°07'33.10""","128°21'12.37"""
한천-4,B,"36°08'07.50""","128°25'02.70"""
광암천(칠곡),B,"36°04'29.35""","128°24'43.81"""
강정1,B,"36°04'12.00""","128°23'06.50"""
경호천1,D,"36°02'44.10""","128°21'12.50"""
칠곡,C,"36°01'22.00""","128°23'52.00"""
칠곡1,C,"35°58'49.80""","128°23'26.30"""
강정천,C,"35°58'45.90""","128°21'42.70"""
왜관-1,B,"35°52'01.90""","128°23'04.60"""
백천-3,C,"35°53'54.19""","128°21'10.53"""
하빈천-1,C,"35°52'27.32""","128°24'20.12"""
다사,B,"35°50'31.80""","128°27'39.20"""
하거천,B,"36°07'09.20""","129°03'38.20"""
차당천,E,"35°58'53.80""","129°03'42.40"""
금호강1-1,C,"35°57'54.42""","128°55'57.49"""
용연천(영천),B,"35°59'10.99""","128°51'53.12"""
신령천,C,"35°58'51.10""","128°54'01.80"""
오산천,C,"36°05'04.70""","128°54'38.20"""
금호강1-2,C,"35°56'12.12""","128°55'26.70"""
봉동천,C,"35°55'37.57""","128°57'03.58"""
대창천,B,"35°54'33.56""","128°51'23.59"""
부기천,D,"35°53'54.43""","128°49'25.17"""
오목천3,C,"35°51'08.27""","128°46'00.04"""
남천1(경산),E,"35°49'01.26""","128°43'59.81"""
남천2(수성),A,"35°51'06.90""","128°43'23.58"""
율하천(신기),B,"35°52'24.82""","128°41'46.14"""
능성천,C,"35°57'18.10""","128°42'13.10"""
동화천1,C,"35°57'24.07""","128°40'06.73"""
동화천2,B,"35°55'16.06""","128°36'00.54"""
신천2(봉덕),C,"35°50'28.60""","128°36'26.20"""
범어천,D,"35°51'58.56""","128°37'03.28"""
구야천,D,"35°58'58.49""","128°34'49.60"""
연호천,B,"35°54'34.60""","128°29'45.56"""
금호강5-2,C,"35°51'42.10""","128°28'24.60"""
대가천1-1,C,"35°55'05.28""","128°04'36.04"""
대가천3,C,"35°47'42.83""","128°15'53.63"""
금성천(고령),C,"35°45'53.50""","128°17'50.20"""
소가천,C,"35°45'09.10""","128°16'42.60"""
성기천,B,"35°43'05.47""","128°06'19.00"""
월광천,B,"35°43'59.50""","128°09'36.90"""
신안천(고령),D,"35°42'56.70""","128°19'06.10"""
회천2-2,B,"35°36'55.70""","128°21'52.50"""
달성1,A,"35°49'03.00""","128°28'40.00"""
천내천,C,"35°48'02.57""","128°29'55.56"""
본리천,B,"35°47'08.98""","128°27'53.86"""
고령-1,C,"35°48'01.00""","128°24'41.00"""
고령1,B,"35°45'10.80""","128°23'14.50"""
논공1,D,"35°42'29.00""","128°25'57.00"""
현풍천,C,"35°41'55.16""","128°27'13.98"""
운봉천,C,"35°37'42.91""","128°29'31.01"""
논공2,E,"35°42'15.00""","128°21'11.00"""
대암-1,D,"35°37'20.90""","128°23'29.40"""
용호천(창녕),C,"35°36'16.10""","128°23'25.40"""
창녕,C,"35°36'39.60""","128°21'31.90"""
신기천(거창),C,"35°48'47.90""","127°52'18.60"""
거창동천1,C,"35°44'19.15""","127°55'32.25"""
거창위천-1,D,"35°46'39.75""","127°47'59.14"""
대정천,D,"35°45'34.40""","127°50'05.60"""
당산천,D,"35°44'23.30""","127°51'15.40"""
웅곡천(거창),C,"35°40'26.30""","127°54'23.40"""
대산천1(거창),B,"35°35'51.40""","127°52'22.90"""
대산천2(거창),C,"35°38'42.29""","127°55'03.04"""
황강1-3,C,"35°37'55.30""","127°59'06.00"""
좌가천,C,"35°45'51.76""","127°58'38.03"""
가천-2,A,"35°42'45.65""","127°59'51.54"""
고견천,C,"35°42'23.52""","128°01'00.81"""
지산천2,C,"35°39'48.62""","127°59'56.16"""
황강1-4,D,"35°37'51.48""","128°02'33.26"""
논덕천,C,"35°35'34.15""","128°04'13.58"""
중유천,D,"35°33'14.24""","127°54'03.05"""
노곡천,C,"35°35'19.68""","127°59'43.32"""
하금천,C,"35°31'55.39""","127°59'42.99"""
공암천,C,"35°30'05.74""","128°06'11.01"""
아천,C,"35°33'20.48""","128°10'00.19"""
외곡천,C,"35°35'52.71""","128°09'01.76"""
금양천,C,"35°35'33.43""","128°10'15.04"""
낙민천,C,"35°35'06.86""","128°13'39.71"""
상신천,C,"35°36'29.67""","128°15'11.77"""
미곡천,C,"35°35'19.61""","128°20'19.46"""
황강6,C,"35°34'21.3""","128°20'31.1"""
합천,D,"35°31'44.60""","128°21'41.30"""
합천-1,D,"35°31'04.60""","128°22'10.90"""
대합천,C,"35°33'37.67""","128°27'20.29"""
토평천1-1,B,"35°33'16.32""","128°25'46.31"""
신반천-1,D,"35°28'03.45""","128°17'26.04"""
신반천-2,C,"35°28'16.57""","128°20'07.57"""
유곡천1,C,"35°25'16.76""","128°17'12.67"""
막곡천,C,"35°26'36.16""","128°20'55.53"""
정곡천(의령),C,"35°22'38.27""","128°19'35.25"""
용산,D,"35°26'23.70""","128°22'45.10"""
대곡천(창녕),B,"35°25'29.57""","128°24'10.77"""
옥산천(함양),C,"35°38'43.96""","127°39'55.20"""
안의천,C,"35°37'07.91""","127°48'50.33"""
보산천,C,"35°32'27.18""","127°46'35.32"""
광평천(함양),C,"35°32'26.21""","127°42'27.69"""
구룡천(함양),B,"35°30'34.12""","127°43'56.00"""
죽산천1(함양),C,"35°32'47.27""","127°49'26.68"""
죽산천2(함양),C,"35°31'05.62""","127°48'00.00"""
람천-1,D,"35°25'19.60""","127°31'20.80"""
풍천(남원),C,"35°27'47.63""","127°36'36.11"""
람천3,C,"35°25'05.02""","127°37'35.73"""
임천-1,D,"35°26'15.68""","127°45'48.75"""
주상천,B,"35°27'33.39""","127°47'27.42"""
계남천,D,"35°29'35.39""","127°50'02.76"""
왕촌천(산청),C,"35°30'14.87""","127°53'35.80"""
방곡천,C,"35°27'28.50""","127°51'43.66"""
송경천,C,"35°25'17.43""","127°52'43.63"""
경호강1-1,C,"35°23'39.78""","127°53'21.85"""
안봉천,C,"35°19'59.74""","127°56'40.14"""
남강1-3,C,"35°18'17.43""","127°58'07.64"""
양천-3,C,"35°24'46.80""","128°07'40.04"""
문송천,C,"35°24'54.63""","128°05'09.31"""
학리천,C,"35°24'27.56""","128°05'16.99"""
마쌍천,C,"35°22'06.39""","128°06'09.96"""
미곡천1,C,"35°21'03.21""","128°04'31.92"""
갈곡천(산청),C,"35°20'40.94""","128°02'32.80"""
오도천(합천),C,"35°25'57.01""","128°01'56.89"""
신등천1,C,"35°24'01.71""","128°01'51.95"""
단계천1,D,"35°24'45.04""","127°58'50.27"""
단계천2,D,"35°22'41.82""","128°00'43.35"""
양천,C,"35°17'45.89""","127°58'54.01"""
경호강2,C,"35°16'55.50""","127°57'43.10"""
남사천2,C,"35°16'18.91""","127°57'30.47"""
덕천강-2,B,"35°20'32.6""","127°49'41.9"""
삼장천,A,"35°20'28.88""","127°50'18.82"""
내원천,C,"35°17'57.50""","127°48'37.80"""
반천,C,"35°14'20.90""","127°48'16.86"""
덕천강4,C,"35°10'48.69""","127°55'10.88"""
종화천,C,"35°13'08.15""","127°52'53.05"""
수곡천,C,"35°09'55.61""","127°57'34.25"""
내촌천,C,"35°10'48.38""","127°58'27.08"""
독산천,C,"35°09'43.07""","128°03'52.47"""
왕지천,C,"35°14'08.27""","128°02'52.90"""
우수천,C,"35°13'00.48""","128°02'27.84"""
영천강-3,C,"35°03'12.46""","128°12'10.22"""
개천천,C,"35°07'01.64""","128°15'00.33"""
영천강-2,B,"35°05'55.08""","128°11'28.16"""
영천강1,C,"35°10'51.97""","128°08'29.67"""
남강2,B,"35°12'45.50""","128°07'38.60"""
지내천1,C,"35°15'46.98""","128°04'44.91"""
냉정천,C,"35°14'27.27""","128°05'50.51"""
어옥천,B,"35°15'58.37""","128°07'54.25"""
현지천,A,"35°14'17.06""","128°09'27.52"""
대산천(진주),A,"35°09'29.23""","128°18'30.76"""
진성천,D,"35°10'51.29""","128°15'10.43"""
중촌천,A,"35°11'19.49""","128°13'34.57"""
대필천,C,"35°13'29.36""","128°15'01.69"""
지수천,D,"35°14'51.50""","128°16'16.94"""
용소천(의령),B,"35°19'38.21""","128°17'54.38"""
하림천,A,"35°14'40.51""","128°19'49.51"""
명관천,D,"35°15'31.96""","128°20'25.53"""
가례천,C,"35°19'24.23""","128°14'36.87"""
월현천,D,"35°22'42.42""","128°19'53.82"""
광정천,C,"35°16'25.85""","128°23'47.46"""
운곡천(산인),C,"35°17'57.66""","128°25'43.40"""
대산천(함안),C,"35°21'24.21""","128°25'15.44"""
부목천,C,"35°22'03.26""","128°26'06.01"""
남강4-2,C,"35°23'14.00""","128°25'45.00"""
남지2,C,"35°22'51.80""","128°28'27.10"""
계성천-2,C,"35°24'03.72""","128°29'31.31"""
영산천,B,"35°24'05.09""","128°30'52.48"""
운곡천(칠원),D,"35°18'51.27""","128°30'44.61"""
영동천,D,"35°20'30.98""","128°30'25.03"""
광려천2-2,C,"35°22'11.59""","128°30'29.04"""
임해진-1,C,"35°22'47.00""","128°33'07.00"""
길곡천(창녕),C,"35°22'45.89""","128°49'17.19"""
물금-1,C,"35°22'40.60""","128°49'17.50"""
성덕-1,B,"35°32'28.61""","128°38'52.51"""
성덕-2,C,"35°29'38.22""","128°39'34.76"""
무안천,B,"35°27'48.87""","128°39'04.53"""
금산천(창원),D,"35°21'25.68""","128°39'24.51"""
초동천,D,"35°23'10.39""","128°41'04.72"""
주항천-1,D,"35°17'02.70""","128°42'44.50"""
주천강-1(김해),B,"35°20'33.61""","128°45'00.96"""
무릉천(김해),C,"35°17'36.47""","128°47'02.48"""
사촌천,B,"35°19'13.04""","128°49'45.47"""
상남천(밀양),C,"35°22'14.53""","128°47'40.04"""
물금-2,C,"35°22'55.50""","128°49'44.50"""
범곡천,B,"35°43'40.32""","129°03'33.23"""
감존천,C,"35°45'43.83""","129°02'49.41"""
지촌천,C,"35°46'22.91""","128°57'41.92"""
운문천2,D,"35°42'13.54""","128°58'18.27"""
동곡천,C,"35°40'50.06""","128°53'20.23"""
동창천2,B,"35°34'04.59""","128°46'44.86"""
현리천,D,"35°38'20.20""","128°36'34.34"""
청도천-3,C,"35°39'09.97""","128°40'49.62"""
대곡천(청도),C,"35°39'36.77""","128°40'40.60"""
시전천,B,"35°31'33.19""","128°55'05.04"""
단장천4,B,"35°31'00.72""","128°51'38.18"""
동천2(밀양),C,"35°31'49.80""","128°51'12.45"""
안법천,C,"35°29'36.67""","128°49'57.06"""
임천천(밀양),D,"35°26'26.21""","128°48'13.07"""
밀양강3,B,"35°24'42.20""","128°47'37.20"""
안태천,B,"35°24'14.79""","128°51'46.04"""
원동천,C,"35°22'02.62""","128°54'59.78"""
물금,C,"35°18'55.50""","128°58'25.80"""
백록천(양산),C,"35°27'07.64""","129°04'41.13"""
용연천(양산),C,"35°26'22.37""","129°05'51.21"""
유산천,D,"35°22'01.26""","129°02'05.59"""
금곡1,D,"35°16'18.00""","129°01'03.00"""
구포,C,"35°12'25.40""","128°59'23.10"""
내삼천,A,"35°12'45.56""","128°49'29.80"""
율하천(김해),C,"35°10'57.80""","128°50'15.38"""
조만강3,C,"35°09'46.49""","128°53'28.55"""
평강천,B,"35°07'54.60""","128°55'08.32"""
이조천,C,"35°44'59.23""","129°11'47.49"""
심곡천(경주),B,"35°53'56.19""","129°03'20.26"""
남천2(경주),C,"35°49'30.23""","129°12'21.44"""
신당천,C,"35°53'40.23""","129°14'19.08"""
기계천-1,B,"36°05'25.26""","129°09'26.28"""
현산강4,C,"36°00'03.90""","129°20'36.30"""
언양천,C,"35°33'21.07""","129°08'28.41"""
작수천,C,"35°32'39.67""","129°08'01.78"""
대암1,C,"35°33'47.06""","129°11'20.43"""
대곡천1-2,C,"35°36'53.88""","129°10'27.33"""
마병천,D,"35°37'51.75""","129°09'40.37"""
척과천1,C,"35°36'53.61""","129°16'27.72"""
척과천2,C,"35°34'05.79""","129°16'00.44"""
학성,B,"35°32'57.40""","129°20'25.10"""
상안천(상안),B,"35°37'15.77""","129°20'13.28"""
시례천,C,"35°35'45.11""","129°20'43.92"""
동천1(중산),C,"35°33'38.64""","129°21'11.60"""
삼정천,B,"35°29'15.50""","129°17'03.31"""
덕계천-1,B,"35°22'24.19""","129°09'24.14"""
곡천천,C,"35°27'27.38""","129°12'21.14"""
회야강3,C,"35°24'38.80""","129°18'39.10"""
남창천(울주),C,"35°25'41.41""","129°15'51.22"""
고산천(울주),C,"35°25'03.24""","129°17'12.80"""
화산천(울주),C,"35°20'59.14""","129°17'41.64"""
용소천(기장),C,"35°20'21.71""","129°15'30.30"""
좌광천1,C,"35°18'43.48""","129°14'19.61"""
좌광천2,C,"35°18'46.88""","129°15'01.16"""
일광천(기장),C,"35°16'12.00""","129°14'11.00"""
송정천(기장),D,"35°11'25.42""","129°12'24.48"""
석대천,C,"35°13'06.32""","129°08'25.98"""
수영강6,C,"35°10'13.80""","129°07'27.50"""
수영강5,C,"35°09'42.40""","129°07'56.60"""
남천(대연),E,"35°08'28.75""","129°06'14.90"""
동천(문현),C,"35°08'12.72""","129°03'58.65"""
남대천1(울진),C,"36°44'52.6""","129°21'29.4"""
남대천2(울진),C,"36°59'25.77""","129°23'59.02"""
장수포천1,C,"36°48'28.60""","129°14'52.43"""
장수포천2,D,"36°51'48.41""","129°16'43.70"""
광천3,B,"36°57'28.98""","129°17'59.80"""
왕피천,B,"36°57'50.90""","129°23'50.60"""
영덕송천-1,B,"36°36'33.88""","129°19'06.48"""
울령천2,C,"36°32'49.80""","129°20'11.61"""
영덕송천-2,D,"36°32'38.10""","129°23'48.61"""
가천(포항),C,"36°19'55.72""","129°16'00.39"""
영덕-2,C,"36°25'25.13""","129°19'18.93"""
관동천(영덕),C,"36°26'17.13""","129°19'56.75"""
영덕,C,"36°24'10.80""","129°22'24.70"""
광천(포항),C,"36°13'30.75""","129°22'07.13"""
곡강천1,B,"36°08'24.09""","129°16'44.95"""
곡강천3,B,"36°07'21.34""","129°21'52.18"""
곡강천4,B,"36°07'19.62""","129°22'58.54"""
대종천,C,"35°45'01.20""","129°27'57.50"""
곤양천-1,C,"35°04'59.52""","127°56'40.11"""
곤양천,B,"35°02'58.00""","127°58'33.00"""
중선포천,D,"35°05'20.44""","128°03'24.24"""
연초천-1,B,"34°54'11.80""","128°38'45.50"""
광도천,B,"34°53'54.74""","128°24'08.56"""
진전천-1,C,"35°06'08.50""","128°25'38.90"""
내동천(창원),C,"35°14'56.00""","128°38'35.00"""
와룡천(장수),C,"35°42'34.46""","127°30'49.72"""
가막-3,C,"35°44'21.08""","127°32'25.51"""
유천(장수),D,"35°43'17.85""","127°34'53.55"""
가막,B,"35°48'07.40""","127°31'04.90"""
구량천-1,C,"35°52'06.39""","127°39'18.83"""
구량천1,D,"35°50'19.13""","127°34'01.92"""
신전천1,C,"35°46'52.00""","127°25'36.00"""
신전천2,C,"35°48'39.64""","127°27'16.43"""
정자천-1,B,"35°50'15.25""","127°23'28.37"""
화성천,C,"35°53'56.85""","127°33'35.90"""
가당천,B,"35°59'47.45""","127°35'50.44"""
용포,C,"35°59'23.80""","127°37'00.90"""
무주남대천-1,C,"35°57'42.88""","127°50'30.98"""
원당천2,C,"35°58'05.33""","127°46'22.04"""
상곡천2,B,"35°59'58.39""","127°41'22.13"""
적상천2,B,"35°57'53.78""","127°39'36.13"""
신정천,C,"36°01'17.40""","127°30'36.34"""
봉황천-2,B,"36°04'06.83""","127°30'28.33"""
금산천2,C,"36°06'00.67""","127°30'46.66"""
외부천,B,"36°07'35.32""","127°29'53.99"""
조정천,C,"36°07'06.99""","127°33'02.92"""
시항천,B,"36°07'24.06""","127°41'56.06"""
영동,D,"36°12'43.10""","127°42'27.90"""
추풍령천-1,B,"36°07'50.59""","127°53'50.74"""
궁촌천(영동),B,"36°07'26.97""","127°54'41.54"""
초강1-1,B,"36°14'05.54""","127°54'00.16"""
궁동천,D,"36°20'58.43""","127°58'29.50"""
석천,C,"36°16'38.28""","127°54'15.84"""
초강1-2,C,"36°14'14.50""","127°52'36.48"""
초강1-3,B,"36°13'52.08""","127°49'25.61"""
초강2,A,"36°13'37.10""","127°43'42.50"""
이원-1,C,"36°14'24.93""","127°40'12.58"""
건진천,B,"36°15'02.90""","127°37'35.80"""
옥천(옥천),C,"36°17'06.00""","127°38'44.00"""
우산,D,"36°16'41.00""","127°40'20.00"""
보청천1-1,C,"36°32'23.00""","127°40'57.00"""
오덕천,C,"36°24'59.45""","127°45'37.86"""
적암천,C,"36°25'54.24""","127°49'11.54"""
예곡천,C,"36°21'13.41""","127°50'10.86"""
장연천,B,"36°19'48.79""","127°44'00.25"""
보청천3-2,D,"36°17'53.00""","127°41'57.00"""
군서1,C,"36°15'50.99""","127°31'08.12"""
군서2,B,"36°18'06.99""","127°32'44.09"""
옥천천1,D,"36°19'55.10""","127°34'00.50"""
대청댐,B,"36°22'06.10""","127°28'43.70"""
등동천,C,"36°30'27.67""","127°28'09.84"""
어곡천,D,"36°12'58.70""","127°18'29.46"""
두계천-1,D,"36°16'52.09""","127°15'13.14"""
진잠천,C,"36°20'38.80""","127°20'39.08"""
반석천,C,"36°21'57.31""","127°20'19.84"""
탄동천,C,"36°22'32.31""","127°21'58.78"""
지방천,C,"36°12'14.03""","127°22'15.78"""
정생천,C,"36°15'18.75""","127°23'53.06"""
갑천3-1,C,"36°22'42.09""","127°24'35.67"""
갑천5,D,"36°26'56.4""","127°23'32.2"""
현도,D,"36°27'51.70""","127°24'04.40"""
청원-1,B,"36°30'56.00""","127°21'51.00"""
미호천-1,C,"36°59'19.94""","127°30'05.92"""
미호천1-2,B,"36°56'10.01""","127°27'42.13"""
장량천,B,"36°55'58.80""","127°25'47.96"""
한천-1(진천),C,"36°55'13.79""","127°30'15.60"""
초평천-1,C,"36°52'35.97""","127°36'11.62"""
미호천3-1,B,"36°44'20.38""","127°29'06.45"""
석화천1,C,"36°43'45.50""","127°32'30.64"""
무심천-1,C,"36°33'51.84""","127°30'31.15"""
산방천,C,"36°46'14.81""","127°14'39.68"""
광기천,B,"36°45'45.79""","127°18'13.61"""
병천천-1,C,"36°42'10.20""","127°21'01.30"""
조천-1,B,"36°39'47.82""","127°11'28.83"""
조천1-2,D,"36°31'17.00""","127°19'14.00"""
청원-2,C,"36°30'29.00""","127°18'38.00"""
청원-3,B,"36°29'34.00""","127°17'42.00"""
연기,B,"36°28'36.00""","127°16'23.00"""
용수천-2,D,"36°21'29.51""","127°14'19.20"""
금남1,C,"36°26'25.00""","127°13'34.00"""
세종2,D,"36°26'53.00""","127°10'32.00"""
왕촌천(공주),C,"36°26'18.52""","127°09'56.93"""
정안천-1,D,"36°37'29.31""","127°04'57.92"""
전평천,B,"36°33'45.41""","127°06'55.84"""
정안천-2,B,"36°31'39.11""","127°07'36.51"""
동혈천,B,"36°30'02.26""","127°08'21.18"""
중산천(공주),C,"36°28'52.86""","127°08'47.61"""
곰나루,C,"36°28'04.00""","127°07'31.00"""
도천,B,"36°28'17.98""","127°05'58.87"""
금강1,B,"36°27'18.00""","127°05'43.00"""
유구천-2,C,"36°31'32.09""","126°57'28.75"""
유구천-3,B,"36°30'14.92""","127°01'25.95"""
명허천,A,"36°33'31.24""","127°02'02.92"""
유구천1,D,"36°27'48.74""","127°05'24.22"""
용성천1,B,"36°21'41.05""","127°03'50.51"""
어천1,C,"36°25'39.18""","127°01'19.56"""
어천2,C,"36°24'16.94""","127°01'40.39"""
목면1,D,"36°23'38.00""","127°01'14.00"""
치성천2,D,"36°22'52.81""","126°59'40.79"""
공주3,C,"36°20'17.00""","126°59'04.00"""
지천-1,B,"36°27'15.18""","126°48'39.66"""
지천-2(청양),B,"36°26'37.46""","126°48'00.25"""
송방천,D,"36°27'02.69""","126°47'55.28"""
구룡천1(청양),C,"36°23'48.62""","126°46'30.96"""
매암천,B,"36°23'38.16""","126°47'30.00"""
지천-4,C,"36°23'14.33""","126°49'05.45"""
장곡천,B,"36°24'24.38""","126°50'49.74"""
지천-6,C,"36°23'14.74""","126°47'50.0"""
은곡천1,C,"36°20'44.65""","126°54'45.91"""
은곡천2,C,"36°20'03.10""","126°54'08.10"""
지천-2(부여),C,"36°19'10.18""","126°55'05.45"""
부여1-1,C,"36°18'17.00""","126°55'17.00"""
자왕천,C,"36°19'02.22""","126°56'38.46"""
부여1,B,"36°16'32.00""","126°53'27.00"""
수목천1,C,"36°16'43.59""","126°49'31.17"""
수목천2,D,"36°16'50.99""","126°51'54.12"""
왕포천2,D,"36°16'11.11""","126°55'15.94"""
금천-1(부여),C,"36°12'54.14""","126°47'15.62"""
주정천,C,"36°15'08.49""","126°49'21.38"""
상황천,C,"36°13'21.65""","126°57'11.47"""
석성천-2,C,"36°18'10.53""","127°04'22.84"""
석성천-3,C,"36°15'40.34""","127°04'02.56"""
하환천,B,"36°15'44.41""","127°03'48.67"""
정각천,B,"36°14'35.02""","127°00'29.08"""
성동-1,B,"36°10'31.00""","127°00'08.00"""
괴묵동천,B,"36°05'47.73""","127°17'43.01"""
논산천-2,C,"36°07'45.26""","127°14'43.99"""
웅천,C,"36°09'41.07""","127°12'21.45"""
왕암천,D,"36°09'49.92""","127°08'28.34"""
계룡,C,"36°20'11.49""","127°08'26.75"""
노성천-2,C,"36°14'27.22""","127°08'12.61"""
연산천1,C,"36°13'05.80""","127°12'57.29"""
왕덕천,C,"36°13'54.92""","127°09'02.38"""
시묘천,C,"36°09'05.89""","127°06'53.70"""
논산천4,C,"36°10'12.00""","127°01'02.00"""
강경천-2,D,"36°05'28.99""","127°03'49.21"""
강경천-3,C,"36°06'23.88""","127°03'21.05"""
강경천-4,D,"36°08'04.21""","127°02'49.37"""
산북천-1,C,"36°04'00.99""","127°00'30.84"""
산북천-2,C,"36°05'52.37""","126°59'07.90"""
함열천,B,"36°05'11.02""","126°57'03.26"""
칠산천1,C,"36°10'26.94""","126°52'37.03"""
칠산천2,A,"36°09'01.57""","126°54'17.15"""
양화-2,D,"36°06'15.00""","126°52'31.00"""
원산천1,C,"36°07'47.11""","126°49'44.79"""
원산천2,C,"36°04'29.13""","126°51'16.63"""
길산천-1,B,"36°06'16.84""","126°45'50.53"""
직천,B,"36°05'03.48""","126°43'43.19"""
만경강1,C,"35°56'20.57""","127°17'36.13"""
운문천,C,"35°59'18.22""","127°15'36.80"""
고산-1,C,"36°03'30.90""","127°09'38.00"""
고산-2,C,"36°02'07.40""","127°12'24.61"""
성북천,C,"36°02'54.38""","127°13'56.83"""
고산-4,D,"35°59'10.92""","127°12'53.19"""
주치천(완주),B,"35°57'07.86""","127°11'37.95"""
소양천1-1,D,"35°51'00.95""","127°15'33.68"""
응암천,D,"35°51'08.05""","127°12'26.85"""
아중천,C,"35°50'34.40""","127°09'58.40"""
소양천3,C,"35°53'50.91""","127°08'27.73"""
고산3,B,"35°53'34.00""","127°06'07.00"""
건산천,B,"35°50'01.72""","127°07'48.32"""
계월천(완주),C,"35°40'20.30""","127°06'20.00"""
광곡천(완주),C,"35°44'17.42""","127°08'10.83"""
삼천1-2,C,"35°47'07.20""","127°06'35.00"""
중복천,C,"35°48'03.62""","127°05'47.70"""
조경천,B,"35°51'05.71""","127°07'11.88"""
우산천1,C,"35°55'45.78""","127°07'30.70"""
우산천2,C,"35°54'30.20""","127°04'45.18"""
황동천,C,"36°00'32.94""","127°03'13.31"""
익산천-2,B,"35°56'46.85""","127°02'33.45"""
원천,B,"35°51'16.88""","127°01'06.96"""
김제1,D,"35°54'14.00""","126°57'32.00"""
목천포천,C,"35°55'13.50""","126°56'16.88"""
김제2,C,"35°54'35.02""","126°52'12.68"""
탑천-2,C,"35°56'09.90""","126°51'36.23"""
동진강1-2,C,"35°35'54.54""","127°00'09.60"""
동진강2-2,C,"35°38'58.64""","126°55'34.60"""
천원천-1,D,"35°32'43.68""","126°49'16.25"""
정읍천4-1,B,"35°36'07.84""","126°50'26.37"""
한교천1,C,"35°35'39.24""","126°53'21.68"""
동진강4,C,"35°43'01.00""","126°49'01.00"""
용교천,C,"35°32'25.89""","126°44'21.88"""
소성천1,C,"35°34'25.32""","126°45'18.23"""
소성천2,D,"35°34'56.06""","126°44'22.39"""
원평천1-1(김제),B,"35°43'05.68""","126°59'12.79"""
원평천1-3,,"35°44'49.63""","126°55'59.31"""
두월천,C,"35°46'34.93""","126°53'58.34"""
삽교천-1,B,"36°35'19.77""","126°41'09.66"""
화양천(홍성),B,"36°37'46.41""","126°43'53.16"""
대치천(예산),C,"36°41'03.56""","126°39'08.43"""
덕산천2,B,"36°40'25.13""","126°42'21.63"""
성리천,C,"36°42'52.40""","126°45'23.65"""
지곡천(예산),B,"36°45'02.54""","126°44'10.40"""
석우천,B,"36°46'40.90""","126°47'53.63"""
행정천,B,"36°30'37.23""","126°45'35.32"""
무한천-2,C,"36°31'11.66""","126°46'10.21"""
신양천1,B,"36°33'38.99""","126°50'55.96"""
신양천2,C,"36°36'21.11""","126°52'02.12"""
지동천,C,"36°35'32.91""","126°51'40.27"""
이티천,D,"36°38'23.04""","126°53'21.45"""
신양천3,C,"36°37'14.72""","126°50'13.96"""
예산천,C,"36°40'52.12""","126°49'34.30"""
도고천,D,"36°46'19.68""","126°51'53.14"""
곡교천-2,C,"36°44'06.30""","127°08'37.64"""
회룡천(아산),C,"36°46'15.88""","127°04'53.87"""
매곡천(아산),C,"36°47'22.01""","127°04'58.66"""
온양천1,C,"36°43'50.82""","127°00'27.81"""
금곡천(아산),C,"36°45'45.08""","127°02'00.03"""
오목천,C,"36°47'49.62""","126°58'44.03"""
와천,C,"36°49'15.58""","126°56'59.95"""
곡교천1-4,D,"36°49'17.80""","126°56'01.80"""
용궁천,E,"36°48'48.27""","126°52'38.05"""
오봉천,B,"36°51'40.80""","126°45'54.67"""
남원천2,B,"36°51'43.10""","126°49'31.28"""
삽교천5,B,"36°52'38.00""","126°51'35.00"""
서원천,D,"36°56'14.11""","126°42'43.12"""
역천1,D,"36°46'39.39""","126°36'46.02"""
역천2,C,"36°52'08.37""","126°36'36.38"""
당진천-1,C,"36°56'29.47""","126°37'45.44"""
간월호,C,"36°35'46.00""","126°27'27.00"""
상지천,B,"36°30'16.75""","126°36'58.91"""
봉당천,B,"36°22'02.03""","126°33'43.84"""
웅천천2,D,"36°13'25.00""","126°35'48.00"""
백천-1(부안),B,"35°39'32.00""","126°36'54.00"""
직소천2,C,"35°40'52.00""","126°34'09.00"""
주상천3,C,"35°45'21.66""","126°38'57.24"""
갈곡천(고창),C,"35°29'42.17""","126°41'00.18"""
강남천,C,"35°25'18.59""","126°36'09.80"""
고창천1,C,"35°26'00.90""","126°42'11.01"""
고창천2,B,"35°26'40.20""","126°38'11.88"""
주진천-1(부안),B,"35°30'32.9""","126°36'02.2"""
백운동천,C,"35°40'51.26""","127°25'37.86"""
마치천,B,"35°42'38.35""","127°23'37.27"""
세동천1,B,"35°47'35.55""","127°20'43.98"""
추동천(진안),B,"35°45'15.12""","127°20'56.13"""
도통천,B,"35°43'23.30""","127°19'20.62"""
달길천,B,"35°44'03.74""","127°18'20.06"""
상월천,D,"35°41'19.56""","127°16'17.73"""
도인천,D,"35°37'48.63""","127°18'15.73"""
운암,C,"35°36'40.00""","127°12'14.00"""
석보천,C,"35°36'39.3""","127°12'58.2"""
옥녀동천2,C,"35°39'34.39""","127°09'19.39"""
추령천-1,D,"35°27'26.12""","126°55'33.13"""
금월천,C,"35°26'05.95""","126°55'03.73"""
방산천,D,"35°28'51.20""","126°58'01.90"""
양산천,D,"35°29'46.55""","127°00'38.66"""
예덕천,C,"35°33'39.90""","127°03'22.46"""
임실1,C,"35°30'55.00""","127°09'48.00"""
치천-1,C,"35°26'22.635""","127°05'17.10"""
동계-1,B,"35°26'59.00""","127°12'09.00"""
원산천,D,"35°34'19.80""","127°22'06.35"""
오수천-4,C,"35°32'41.21""","127°20'03.54"""
둔남천2,B,"35°32'12.95""","127°19'36.16"""
다산천,B,"35°30'43.52""","127°23'36.70"""
율천-2,A,"35°30'23.49""","127°21'42.11"""
수외천,C,"35°30'23.43""","127°20'40.43"""
계수천-1,C,"35°29'21.20""","127°19'57.38"""
어은천,C,"35°30'05.00""","127°17'59.88"""
후곡천-1,C,"35°28'39.02""","127°16'20.06"""
오수천,C,"35°25'49.85""","127°13'56.77"""
수홍천1,C,"35°24'44.9""","127°13'57.9"""
적성,B,"35°24'07.8""","127°13'15.1"""
옥택천-1,C,"35°22'27.13""","127°12'03.56"""
덕진천,C,"35°22'42.68""","127°06'05.68"""
사천1,B,"35°19'35.94""","127°05'29.72"""
사천2,C,"35°21'32.50""","127°09'01.96"""
옥과천1,C,"35°12'33.03""","127°07'34.74"""
옥과천2,C,"35°14'03.79""","127°07'14.32"""
상덕천,C,"35°14'42.11""","127°11'40.28"""
삼기천2,C,"35°16'04.66""","127°08'42.48"""
입천,C,"35°18'52.59""","127°12'55.87"""
남원,D,"35°18'33.50""","127°17'54.60"""
요천-2,C,"35°33'21.57""","127°28'43.46"""
요천-4,C,"35°32'00.61""","127°32'39.18"""
요천-6,C,"35°29'34.40""","127°29'33.25"""
요천-7,C,"35°27'24.75""","127°26'06.82"""
효촌천,C,"35°25'20.71""","127°27'05.24"""
원천천,B,"35°24'36.41""","127°23'55.26"""
주촌천,D,"35°23'45.70""","127°22'26.80"""
옥률천2,C,"35°23'23.26""","127°20'10.36"""
송내천,C,"35°22'05.84""","127°19'34.27"""
풍촌천,C,"35°20'39.45""","127°18'06.51"""
요천-1,D,"35°19'05.00""","127°18'52.00"""
남창천(남원),B,"35°19'18.21""","127°19'39.35"""
고달천,C,"35°16'35.92""","127°20'16.70"""
학정천,B,"35°16'58.35""","127°17'53.57"""
침곡천,D,"35°15'14.27""","127°20'22.61"""
봉조천,C,"35°12'59.54""","127°22'12.99"""
곡성1,C,"35°11'41.0""","127°22'36.6"""
용반천,C,"34°42'38.64""","127°01'33.81"""
구암천(보성),B,"34°43'50.89""","127°01'35.57"""
맹산천,C,"34°45'17.67""","126°59'35.23"""
장흥,C,"34°47'33.50""","127°00'05.32"""
명동천,C,"34°48'31.70""","127°00'55.76"""
광곡천(보성),B,"34°48'14.23""","127°04'04.12"""
용문,C,"34°47'29.29""","127°05'12.94"""
미력천,B,"34°48'45.86""","127°05'51.57"""
보성강-1,D,"34°51'05.00""","127°09'37.00"""
유정천(보성),C,"34°53'12.06""","127°07'57.72"""
복내천2,D,"34°53'44.83""","127°08'01.77"""
문덕천,D,"34°55'01.74""","127°10'18.84"""
대덕천(담양),D,"35°11'39.58""","127°05'50.88"""
내복천1,D,"35°08'39.52""","127°10'20.47"""
내복천2,C,"35°07'40.2""","127°08'36.7"""
안심천(화순),C,"35°06'42.13""","127°04'09.39"""
유천천,C,"35°04'34.87""","127°08'32.81"""
율곡천(화순),C,"35°05'28.83""","127°08'25.69"""
평촌천(화순),B,"35°02'19.36""","127°07'20.09"""
송산천,D,"34°58'24.26""","127°04'37.10"""
외남천2,A,"35°00'17.71""","127°06'47.02"""
내남천,D,"34°59'12.70""","127°09'29.16"""
죽산천,C,"34°58'00.59""","127°09'49.84"""
장안천2,C,"34°57'59.4""","127°17'23.4"""
삼창천,D,"35°01'19.71""","127°13'19.77"""
순천1,B,"34°59'10.20""","127°13'50.50"""
광천(순천),B,"35°04'45.59""","127°14'09.55"""
주암천2,C,"35°03'53.36""","127°16'25.45"""
주암천3,C,"35°05'00.54""","127°14'50.83"""
유정천(곡성),C,"35°07'36.41""","127°15'06.78"""
연반천,D,"35°10'07.91""","127°14'46.66"""
석곡천(곡성),B,"35°08'07.77""","127°15'44.35"""
용봉천(곡성),C,"35°06'09.25""","127°18'22.58"""
신풍천,C,"35°10'45.47""","127°18'04.20"""
동계천(곡성),C,"35°09'48.01""","127°21'07.34"""
보성천-2,D,"35°11'33.09""","127°22'33.15"""
하한천,C,"35°10'35.42""","127°23'37.65"""
황천천1,C,"35°05'21.49""","127°22'42.03"""
황천천2,C,"35°06'09.90""","127°25'50.86"""
황천천3,C,"35°07'39.78""","127°27'05.39"""
회룡천(순천),C,"35°07'33.70""","127°28'01.03"""
서시천1,C,"35°19'47.84""","127°29'17.71"""
수락천(구례),C,"35°18'53.03""","127°26'24.81"""
천은천,B,"35°16'30.81""","127°28'34.76"""
백연천,D,"35°12'50.88""","127°27'55.22"""
광평천(구례),C,"35°13'09.66""","127°29'38.96"""
중산천(구례),D,"35°10'53.00""","127°30'06.23"""
효곡천,A,"35°07'33.79""","127°33'24.06"""
간문천2,A,"35°10'49.40""","127°32'24.01"""
구례,A,"35°11'23.80""","127°32'51.94"""
백운천(구례),C,"35°11'54.10""","127°35'23.40"""
내서천2,C,"35°12'01.43""","127°36'02.38"""
범왕천,C,"35°17'03.00""","127°36'57.80"""
중대천(광양),C,"35°10'01.24""","127°36'49.41"""
악양천1,C,"35°10'46.63""","127°43'04.37"""
하동,D,"35°03'50.00""","127°44'28.00"""
중이천,C,"35°10'16.92""","127°45'58.21"""
남산천(하동),C,"35°05'50.75""","127°47'49.85"""
주교천1,D,"35°02'58.76""","127°50'16.89"""
박달천,C,"35°02'28.61""","127°50'58.73"""
고전천,C,"35°00'41.38""","127°49'04.24"""
주교천3,C,"34°59'53.38""","127°48'23.57"""
진월,C,"34°59'02.40""","127°46'35.20"""
남해봉천1,B,"34°49'54.60""","127°54'09.00"""
담양,C,"35°19'59.76""","127°01'03.32"""
용천1,C,"35°20'16.53""","126°58'41.42"""
중월천,C,"35°20'42.57""","126°57'50.81"""
수북천,C,"35°18'13.77""","126°56'58.50"""
석곡천-1,B,"35°11'59.96""","126°57'13.08"""
창평천1,C,"35°14'22.72""","127°00'43.26"""
창평천2,E,"35°14'34.28""","126°58'15.86"""
대전천(담양),C,"35°15'38.43""","126°53'20.26"""
우치,A,"35°14'32.00""","126°53'27.00"""
산정천(장성),B,"35°14'07.42""","126°48'46.82"""
풍영정천-2,C,"35°14'22.86""","126°48'35.56"""
광주1,B,"35°09'01.00""","126°49'36.00"""
중심사천,D,"35°07'55.32""","126°56'10.42"""
광주2,C,"35°08'26.53""","126°49'43.45"""
세하천,D,"35°07'40.97""","126°50'08.88"""
광주2-1,B,"35°06'39.36""","126°49'14.10"""
도호천,C,"35°06'33.63""","126°48'13.36"""
개천1,C,"35°25'57.43""","126°48'22.59"""
개천2,B,"35°22'58.69""","126°47'58.28"""
개천3,B,"35°20'15.55""","126°46'11.38"""
개천4,C,"35°18'33.33""","126°46'29.13"""
단광천,B,"35°17'21.60""","126°46'12.10"""
구룡천(광산),B,"35°14'28.25""","126°43'26.10"""
왕동천,D,"35°10'33.32""","126°44'10.02"""
삼계천1,B,"35°16'03.86""","126°39'32.52"""
삼계천2,C,"35°13'20.44""","126°40'58.22"""
황룡강3-1,C,"35°07'17.00""","126°47'02.00"""
송대,C,"35°5'16.31""","126°47'55.25"""
광산1,C,"35°03'55.00""","126°46'12.00"""
장성천1-1,C,"35°05'30.68""","126°43'00.89"""
노안,C,"35°01'59.00""","126°44'05.00"""
영산천1,C,"35°00'23.06""","126°45'49.24"""
봉황천,C,"34°59'40.53""","126°43'38.85"""
나주2,C,"35°00'02.00""","126°41'06.00"""
죽산1,B,"34°58'26.20""","126°37'37.05"""
영산포-1,B,"34°59'16.00""","126°35'40.00"""
송정천(화순),C,"34°51'31.68""","127°00'26.14"""
지석천-1,D,"34°52'08.76""","127°00'11.52"""
청풍천1,D,"34°51'09.52""","126°56'23.63"""
송석천1,D,"34°54'20.14""","127°02'16.09"""
춘양천,C,"34°56'47.17""","126°57'54.53"""
석정천1,C,"34°57'03.47""","126°56'21.00"""
석정천2,B,"34°57'55.15""","126°58'02.21"""
한천천2,C,"34°58'40.97""","126°58'20.99"""
동천(화순),C,"35°02'10.24""","127°01'06.86"""
만연천,D,"35°03'20.50""","126°59'17.80"""
웅곡천(화순),A,"35°02'46.50""","126°57'21.05"""
도곡천(화순),D,"35°00'59.10""","126°54'47.34"""
대초천1,C,"34°53'57.21""","126°53'16.33"""
덕림천,C,"34°54'43.16""","126°50'46.58"""
정천,B,"34°58'13.22""","126°53'00.47"""
지석천1-2,B,"35°00'14.00""","126°52'46.00"""
노동천(나주),C,"35°02'53.40""","126°51'27.01"""
대촌천-2,B,"35°04'38.07""","126°49'56.78"""
지석천2-1,B,"35°03'09.60""","126°46'33.10"""
대도천,C,"35°13'16.24""","126°37'55.13"""
금석천(함평),D,"35°10'12.65""","126°37'34.97"""
식지천1,C,"35°08'02.76""","126°37'18.17"""
월봉천(함평),C,"35°06'57.10""","126°35'58.53"""
구산천-1,B,"35°05'43.11""","126°35'34.52"""
고막원천2-2,C,"35°01'47.00""","126°35'42.00"""
신광천(함평),D,"35°09'14.93""","126°29'47.79"""
대동천,D,"35°06'14.68""","126°31'03.42"""
무안천-1,B,"35°00'12.25""","126°27'42.80"""
석진천,D,"34°57'09.23""","126°31'11.20"""
무안1,D,"34°54'00.00""","126°31'52.00"""
당호천,C,"34°53'12.65""","126°31'45.36"""
삼포천1-1,B,"34°55'12.83""","126°37'44.64"""
시종천,B,"34°54'48.80""","126°35'31.21"""
삼포천3,C,"34°51'15.88""","126°32'51.66"""
망호천,D,"34°48'09.68""","126°41'08.72"""
영암천1,C,"34°49'11.64""","126°38'59.35"""
도포천,D,"34°49'35.16""","126°38'44.76"""
호동천,C,"34°48'08.09""","126°36'51.13"""
학산천2,B,"34°44'46.92""","126°36'32.49"""
영암천1-2,D,"34°49'14.14""","126°34'38.43"""
남창천(무안),B,"34°48'50.22""","126°28'57.48"""
무안3,C,"34°47'52.00""","126°26'28.00"""
탐진강1-2,D,"34°49'40.79""","126°53'10.79"""
유치천2,C,"34°48'12.80""","126°47'53.45"""
옴천천-2,D,"34°45'26.11""","126°46'31.02"""
신월천,D,"34°45'02.45""","126°50'15.80"""
부산천,B,"34°43'56.66""","126°54'46.29"""
부동천2,B,"34°41'12.54""","126°54'14.61"""
금강천-5,D,"34°43'10.05""","126°42'34.00"""
성전천,B,"34°41'11.78""","126°44'55.62"""
금강천-2,B,"34°42'03.98""","126°49'02.42"""
탐진강3,C,"34°38'08.00""","126°48'45.95"""
금사천,C,"34°37'30.83""","126°47'41.15"""
강진천1,C,"34°37'47.97""","126°45'36.53"""
칠량천,B,"34°33'18.47""","126°48'17.01"""
남상천,C,"34°37'46.90""","126°57'05.87"""
군외천,C,"34°22'22.22""","126°38'43.36"""
대야천,B,"34°22'12.48""","126°43'18.50"""
오천천(고흥),C,"34°25'51.96""","127°12'09.51"""
이사천-1,C,"35°01'07.19""","127°21'44.05"""
석흥천,B,"34°57'14.84""","127°22'42.99"""
옥천(순천),C,"34°57'10.22""","127°29'09.92"""
순천동천4,C,"34°53'25.00""","127°30'51.00"""
동룡천,C,"34°51'03.98""","127°24'41.76"""
광양동천1,C,"35°05'16.10""","127°35'54.50"""
수어천1,B,"34°57'46.33""","127°43'45.48"""
돌산천,D,"34°40'31.00""","127°45'52.00"""
석교천(진도),C,"34°29'13.00""","126°12'57.00"""
군내천,C,"34°30'57.49""","126°16'08.32"""
영암호,C,"34°38'49.00""","126°33'16.00"""
해남천,C,"34°35'03.03""","126°32'31.69"""
옥천천,C,"34°37'11.10""","126°37'48.00"""
삼학천,B,"35°13'13.28""","126°32'32.58"""
마읍천,C,"35°15'12.64""","126°27'41.82"""
불갑천3,D,"35°15'26.08""","126°23'04.46"""
대산천2(고창),C,"35°20'53.93""","126°32'48.88"""
와탄천-1,C,"35°18'37.25""","126°34'24.21"""
와탄천1,C,"35°19'36.1""","126°28'28.80"""
구암천(영광),C,"35°23'08.46""","126°28'33.22"""
금산천(신안),C,"34°53'40.00""","126°19'10.00"""
옹포천1,D,"33°24'19.4""","126°15'37.0"""
도근천,B,"33°29'38.9""","126°26'11.0"""
동홍천,D,"33°14'44.00""","126°34'18.00"""
