건강성평가등급,조사지점,주소,위도_경도
C,가계천1,경상북도 봉화군 봉성면 금봉리(들목교),"36.932531, 128.787745"
B,가계천2,경상북도 봉화군 봉화읍 삼계리(삼계교),"36.899348, 128.736225"
C,가곡천,경기도 남양주시 수동면 송천리,
C,가당천,전라북도 무주군 부남면 굴암리,
C,가도천,경상북도 문경시 호계면 구산리(구산교),
C,가례천,경상남도 함안군 군북면 동촌리,
B,가막,전라북도 진안군 진안읍 가막리(가막교),
A,가막-3,전라북도 장수군 천천면 춘송리,
C,가암천-1,경상북도군위군고로면가암리,
B,가일천,경기도 가평군 설악면 가일리,
C,가정천(양평),경기도 양평군 양서면 용담리,
C,가정천(홍천),강원도 춘천시 남면 발산리,
A,가천(봉화),경상북도 봉화군 재산면 갈산리(미장교),
A,가천(포항),경상북도 포항시 북구 죽장면 하옥리,
C,가천-2,경상남도 거창군 가조면 장기리,
B,간매천,경기도 여주군 강천면 이호리 (GS주유소 지나서 왼쪽에 보이는 마을 입구 작은 다리),
B,간문천2,전라남도 구례군 간전면 간문리,
D,간월호,충청남도 홍성군 서부면 궁리(간월호 A방조제 댐앞),
C,갈곡천(고창),전라북도 고창군 흥덕면 오호리,
C,갈곡천(산청),경상남도 산청군 생비량면 도리,
C,갈운천,경기도 양평군 청운면 갈운리,
C,감존천,경상북도 경주시 산내면 내일리,
B,감천-1,경상북도 김천시 지례면(여배교),
B,감천-2,경상북도 김천시 구성면(금광교),
C,감천2-1,경상북도 구미시 선산읍 원리(남산교),
C,갑천3-1,대전광역시 대덕구 대화동,
B,갑천5,"대전광역시 유성구 구즉동(금강합류 0.5㎞전,불무교 하류)",
C,강경천-2,충청남도 논산시 연무읍 봉동리,
D,강경천-3,전라북도 익산시 망성면 무형리,
C,강경천-4,전라북도 익산시 망성면 무형리,
C,강남천,전라북도 고창군 무장면 목우리,
C,강상,경기도 양평군 강상면 교평리(양평교),
C,강정1,경상북도 구미시 비산동,
D,강정천,경상북도 칠곡군 기산면(팔암교),
C,강진천1,전라남도 강진군 강진읍 학명리(신성2교),
C,강천,경기도 여주시 단현동,
C,강천1,경기도 여주군 강천면 이호리,
C,강천-1,경기도 여주시 점동면 삼합리,
B,강천-2,경기도 여주시 점동면 도리,
C,개곡천,경기도 가평군 가평읍 개곡리,
C,개천1,전라남도 장성군 북이면 조양리,
D,개천2,전라남도 장성군 북일면 박산리,
C,개천3,전라남도 장성군 서삼면 송현리,
D,개천4,전라남도 장성군 장성읍 장안리,
C,개천천,경상남도 고성군 영오면 연당리,
C,거물대천,경기도 김포시 양촌읍 흥신리,
C,거창동천1,경상남도 거창군 거창읍 학리(학리교),
A,거창위천-1,경상남도 거창군 북상면 농산리,
C,건산천,전라북도 전주시 덕진구 태진로101,
B,건지천,경기도 포천시 관인면 중리,
C,건진천,충청북도 옥천군 이원면 이원리,
D,검단천(오류),인천광역시 서구 오류동,
B,경반천,경기도 가평군 가평읍 경반리,
C,경안천5,경기도 광주시 초월읍 서하리(서하교),
B,경안천5A-1,경기도 광주시 퇴촌면 광동리,
A,경호강1-1,경상남도 산청군 산청읍 내리,
B,경호강2,경상남도 산청군 단성면 묵곡리(묵곡교),
C,경호천1,경상북도 칠곡군 약목면(복성교),
B,계남천,경상남도 산청군 생초면 어서리,
C,계룡,충청남도 공주시 계룡면 금대리,
D,계림천,경기도 여주시 대신면 무촌리,
A,계방천,강원도 홍천군 내면 명개리(내청도교 상류방향),
C,계성천-2,경상남도 창녕군 영산면 월령리,
C,계수천-1,전라북도 남원시 사매면 월평리,
D,계양천1,경기도 김포시 걸포동,
C,계월천(완주),전라북도 완주군 구 이면 계안로151,
C,고견천,경상남도 거창군 가조면 일부리,
B,고교천,충청북도 제천시 금성면 중전리,
C,고달천,전라남도 곡성군 고달면 고달리,
C,고령1,대구광역시 달성군 논공읍 하리,
C,고령-1,경상북도 고령군 다사면 월성리,
B,고막원천2-2,전라남도 함평군 학교면 석정리(새마을교),
C,고산-1,전라북도 완주군 화산면 화산로1131-47,
D,고산-2,전라북도 완주군 화산면 신구 로93-99,
C,고산3,전라북도 전주시 덕진구 전미동2가신미산길6,
C,고산-4,전라북도 완주군 고산면 하삼길23-14,
C,고산천(울주),울산광역시 울주군 온양읍 동상리,
C,고양,경기도 고양시 법곳동(일산대교),
C,고전천,경상남도 하동군 고전면 대덕리,
D,고창천1,전라북도 고창군 고창읍 읍내리,
D,고창천2,전라북도 고창군 고창읍 도산리,
C,곡강천1,경상북도 포항시 북구 신광면 호리,
C,곡강천3,경상북도 포항시 북구 흥해읍 흥안리,
C,곡강천4,경상북도 포항시 북구 흥해읍 남송리,
B,곡교천1-4,충청남도 아산시 염치읍 강청리(강청교),
C,곡교천-2,충청남도 천안시 동남구 풍세면 가송리,
B,곡성1,"전라남도 곡성군 오곡면 압록리(예성교,보성강합류전상류)",
D,곡수천1,경기도 여주시 대신면 당산리,
C,곡천천,울산광역시 울주군 웅촌면 곡천리,
C,곤양천,경상남도 사천시 곤양면 대진리(사천터널 앞),
C,곤양천-1,경상남도 사천시 곤명면 조장리,
C,곤지암천-3,경기도 광주시 곤지암읍 삼리,
B,골지천1-2,강원도 정선군 임계면 낙천리 (혈천교),
C,곰나루,충청남도 공주시 웅진동,
C,공암천,경상남도 합천군 용주면 공암리,
C,공주3,충청남도 부여군 부여읍 자왕리,
C,공지천1,"강원도 춘천시 효자동(공지교, 춘천종합운동장)",
C,공촌천,인천광역시 서구 경서동,
C,관대천,충청남도 아산시 둔포면 관대리,
C,관동천 (장성),전라남도 장성군 황룡면 맥호리,
C,관동천(영덕),경상북도 영덕군 지품면 삼화리,
C,관리천-1,경기도 평택시 청북면 한산리,
C,관한천,경기도 여주시 점동면 관한리,
C,광곡천(보성),전라남도 보성군 노동면 광곡리,
C,광곡천(완주),전라북도 완주군 구 이면 덕천전원길104-67,
C,광기천,충청남도 천안시 동남구 병천면 탑원리,
C,광도천,경상남도 통영시 광도면 노산리,
C,광려천2-2,경상남도 함안군 칠북면 덕남리,
D,광산1,광주광역시 남구 승촌동,
C,광산천-1,경상북도 의성군 신평면 중율리(중율4교),
D,광암천(칠곡),경상북도 칠곡군 석적읍(중리교),
A,광양동천1,전라남도 광양시 옥룡면 동곡리(계곡민박 아래),
D,광정천,경상남도 함안군 가야읍 도항리,
B,광주1,광주광역시 광산구 운남동,
B,광주2,광주광역시 광산구 신촌동,
C,광주2-1,광주광역시 서구 서창동(서창교),
C,광천(순천),전라남도 순천시 주암면 광천리,
D,광천(포항),경상북도 포항시 북구 송라면 조사리,
A,광천3,경상북도 울진군 울진읍 대흥리,
E,광평천(구례),전라남도 구례군 마산면 사도리,
C,광평천(함양),경상남도 함양군 병곡면 월암리,
D,괘천,경상북도 청송군 청송읍 금곡리(청송교),
C,괴묵동천,전북 완주군 운주면 산북리(대둔산 아침산책 펜션 1km 하류 우측 주차장 아래),
C,괴촌천,경상북도 의성군 안평면(괴산교),
B,구계천,경상북도 안동시 예안면 구룡리(구룡리 수령원 약 1.5km전),
C,구량천1,전라북도 진안군 동향면 대량리,
C,구량천-1,전라북도 무주군 안성면 장기리,
A,구례,전라남도 구례군 토지면 송정리(수위표앞),
C,구룡천(광산),광주광역시광산구오산동,
C,구룡천(충주),충청북도 충주시 소태면 양촌리,
C,구룡천(함양),경상남도 함양군 함양읍 거면 이은리,
D,구룡천1(청양),충청남도 청양군 남양면 구룡리,
C,구만천,강원도 홍천군 북방면 구만리,
D,구미천,경상북도 구미시 야은로(지산교),
C,구산천-1,전라남도 함평군 나산면 덕림리,
C,구안천,충청북도 음성군 원남면 하노리,
C,구암천(보성),전라남도 보성군 웅치면 강산리,
D,구암천(영광),전라남도 영광군 법성면 화천리,
B,구야천,경상북도 칠곡군 동명면(홍신교),
B,구읍천,경기도 포천시 군내면 구읍리,
D,구포,부산광역시 북구 구포동(구포대교),
C,군내천,전라남도 진도군 군내면 정자리,
C,군서1,충청북도 옥천군 군서면 사정리,
C,군서2,충청북도 옥천군 군서면 월전리,
B,군외천,전라남도 완도군 군외면 대문리(대문교),
D,궁동천,경상북도 상주시 화동면 이소리,
C,궁촌천(영동),충청북도 영동군 매곡면 강진리,
C,궁평천,경기도 광주시 도척면 진우리,
C,금강1,충청남도 공주시 우성면 평목리,
C,금강천-2,전라남도 강진군 병영면 도룡리,
C,금강천-5,전라남도 강진군 성전면 영풍리,
C,금계천,경상북도 영주시 풍기읍 산법리(금계교),
C,금곡1,부산광역시북구금곡동,
C,금곡천(아산),충청남도 아산시 배방읍 신흥리,
D,금곡천(여주),경기도 여주시 점동면 당진리,
B,금남1,세종특별자치시 연기면 세종리,
C,금당천-1,경기도 여주시 북내면 장암리,
C,금사천,전라남도 강진군 군동면 삼신리,
D,금산천(신안),전라남도 신안군 압해면 복룡리(압해초교 쌍룡분교),
C,금산천(창원),경상남도 창원시 의창구 동읍 봉강리,
B,금산천(춘천),강원도 춘천시 서면 현암리,
C,금산천2,충청남도 금산군 남일면 황풍리,
C,금석천(안성),경기도 안성시 미양면 신기리,
D,금석천(함평),전라남도 함평군 월야면 영월리,
C,금성천(고령),경상북도 고령군 운수면 유리(유리교),
C,금양천,경상남도 합천군 합천읍 금양리,
B,금어천,경기도 용인시 처인구 포곡읍 금어리,
C,금월천,전라북도 순창군 복흥면 정산리,
C,금천(예천),경상북도 예천군 용궁면 무이리(금천1교),
C,금천-1(부여),충청남도 부여군 남면 내곡리,
B,금현천,경기도 포천시 가산면 방축리,
C,금호강1-1,경상북도 영천시 금노동(영천교),
C,금호강1-2,경상북도 영천시 금노동(금호대교),
C,금호강5-2,대구광역시 달서구 파호동(강창교 하류 700m),
D,기계천-1,경상북도 포항시 북구 기북면 대곡리,
C,길곡천(창녕),경상남도 창녕군 길곡면 증산리,
C,길곡천(홍천),"강원도 홍천군 서면 모곡리(한서교, 494번 지방도 교차점, 한서초등학교 인근)",
C,길산천-1,충청남도 서천군 기산면 월가리,
C,김제1,전라북도 김제시 백구 면 번영2길160,
B,김제2,전라북도 김제시 공덕면 저산리,
C,나주2,전라남도 나주시 삼영동,
C,낙민천,경상남도 합천군 율곡면 낙민리,
B,낙풍천,강원도 강릉시 옥계면 현내리,
B,남강1-3,경상남도 산청군 신안면 하정리,
C,남강2,경상남도 진주시 초전동(금산교),
C,남강4-2,경상남도 함안군 대산면 장암리(오천4배수장 인근),
B,남대천1(울진),경상북도 울진군 울진읍 정림리,
D,남대천2(울진),경상북도 울진군 울진읍 읍내리,
B,남대천2(의성),경상북도 의성군 봉양면 문흥리(잠수교),
C,남사천2,경상남도 산청군 단성면 남사리,
E,남산천(하동),경상남도 하동군 횡천면 남산리,
C,남상천,전라남도 장흥군 용산면 상금리,
C,남양천(화성),경기도 화성시 남양읍 남양리,
B,남원,전라북도 남원시 금지면 귀석리(금곡교),
C,남원천2,충청남도 당진시 우강면 부장리,
B,남이섬1,강원도 가평군 가평읍 복장리(복장초교 앞),
C,남전천,경기도 화성시 비봉면 삼화리,
D,남지2,경상남도 창녕군 길곡면 증산리,
C,남창천(남원),전라북도 남원시 수지면 남창리,
C,남창천(무안),전라남도 무안군 일로읍 죽산리,
C,남창천(울주),울산광역시 울주군 온양읍 외광리,
C,남천(단양),충청북도 단양군 영춘면 남천리,
,남천(대연),부산광역시 남구 대연동,
D,남천1(경산),경상북도 경산시 중방동(서옥교),
C,남천2(경주),경상북도 경주시 교동,
D,남천2(수성),대구광역시 수성구 성동(성동교),
C,남해봉천1,"경상남도 남해군 남해읍 남변리(다리,입현교)",
B,내남천,전라남도 화순군 남면 남계리,
D,내동천(창원),경상남도 창원시 명곡동(명곡교회),
B,내린천-2,강원도 인제군 기린면 현리,
B,내복천1,전라남도 화순군 북면 수리,
D,내복천2,전라남도 화순군 북면 다곡리,
C,내삼천,경상남도 김해시 주촌면 농소리,
B,내서천2,전라남도 구례군 토지면 외곡리,
B,내성천-3,경상북도 영주시 이산면 두월리(두월교),
B,내성천3-1,경상북도 예천군 용궁면 향석리(성저교),
C,내성천5-1,경상북도 예천군 호명면 황지리,
A,내원천,경상남도 산청군 시 천면 동당리,
B,내촌천,경상남도 진주시 대평면 내촌리,
C,내촌천2,강원도 홍천군 서석면 수하리,
B,냉정천,경상남도 진주시 집현면 냉정리,
C,노곡천,경상남도 합천군 봉산면 술곡리,
C,노곡천1,경기도 광주시 도척면 유정리,
C,노동천(나주),전라남도 나주시 남평읍 풍림리,
C,노량진,서울특별시 용산구 이촌동(한강대교),
C,노림천,경상북도 안동시 남선면 원림리(원림1교),
C,노성천-2,충청남도 논산시 노성면 하도리,
C,노안,전라남도 나주시 노안면 학산리,
C,논공1,경상북도 고령군 개진면 인안리,
C,논공2,경상북도 고령군 우곡면 예곡리,
C,논덕천,경상남도 합천군 봉산면 계산리,
B,논미천,강원도 화천군 하남면 논미리,
C,논산천-2,충청남도 논산시 양촌면 채광리,
C,논산천4,충청남도 논산시 강경읍 북욱리(강경대교 밑 배수갑문),
C,눌인천,경상북도 청송군 현동면 창양리(창양교),
C,능성천,대구광역시 동구 능성동(전인교),
C,다사,대구광역시 달성군 다사읍 죽곡리,
C,다산천,전라북도 남원시 보절면 진기리,
B,단계천1,경상남도 산청군 신등면 율현리,
B,단계천2,경상남도 산청군 신등면 단계리,
C,단광천,전라남도 장성군 황룡면 와룡리,
C,단장천4,경상남도 밀양시 단장면 단장리,
D,달길천,전라북도 진안군 성수면 좌포리,
C,달성1,경상북도 고령군 다사면 호촌리,
C,달전천,경기도 가평군 가평읍 문화로13-42,
B,달천3A-2,"충청북도 충주시 풍동(유주막다리, 19번 국도 교차점, 단월교차로)",
C,담양,전라남도 담양군 금성면 금월리(금월교),
D,당산천,경상남도 거창군 마리면 율리(율리교),
C,당진천-1,충청남도 당진군 송산면 당산리(오도교),
C,당현천,서울특별시 노원구 중계동,
C,당호천,전라남도 무안군 몽탄면 당호리,
A,대가천1-1,경상북도 성주군 금수면 영천리(하림암교),
B,대가천3,경상북도 고령군 운수면 화암리(작천교),
C,대곡천 (예산),충청남도 예산군 대술면 상항리,
B,대곡천(대곡),인천광역시 서구 대곡동,
C,대곡천(창녕),경상남도 창녕군 남지읍 반포리,
D,대곡천(청도),경상북도 청도군 각남면 칠성리,
B,대곡천1-2,울산광역시 울주군 두동면 천전리,
C,대덕천(담양),전라남도 담양군 대덕면 갈전리,
C,대도천,전라남도 장성군 삼서면 수해리,
C,대동천,전라남도 함평군 대동면 용성리,
C,대망천,경상북도 구미시 선산읍(원동교),
C,대방천(김천),경상북도 김천시 조마면(유산교),
C,대방천(영등포),서울특별시 영등포구 신길동,
C,대산천(진주),경상남도 진주시 이반성면 대천리,
D,대산천(함안),경상남도 함안군 대산면 구혜리,
D,대산천1(거창),경상남도 거창군 남상면 둔동리(남진2교),
B,대산천2(거창),경상남도 거창군 남상면 송변리(괴하정교),
B,대산천2(고창),전라북도 고창군 대산면 덕천리,
C,대신,경기도 여주시 대신면 천남리,
C,대암1,울산광역시 울주군 언양읍 구수리,
C,대암-1,대구광역시 달성군 구지면 대암리(우곡교),
D,대야천,전라남도 완도군 완도읍 대야리,
C,대장천,경기도 고양시 덕양구 토당동,
C,대전천(괴산),충청북도 괴산군 청천면 덕평리,
C,대전천(담양),전라남도 담양군 대전면 응용리,
B,대전천(연천),경기도 연천군 청산면 대전리,
E,대정천,경상남도 거창군 위천면 황산리,
C,대종천,경상북도 경주시 양북면 구길리(구길교),
C,대창천,경상북도 영천시 금호읍(대구대교),
B,대청댐,대전광역시 동구 추동(추동취수탑),
B,대초천1,전라남도 화순군 도암면 호암리,
C,대촌천-2,광주광역시남구칠석동,
D,대치천(예산),충청남도 예산군 덕산면 둔리,
D,대필천,경상남도 진주시 지수면 압사리,
B,대하리천2,경상북도 문경시 산북면 이곡리(달곡교),
D,대합천,경상남도 창녕군 대지면 석리,
C,덕계천-1,경상남도 양산시 덕계동,
B,덕두원천,강원도 춘천시 서면 덕두원리,
C,덕림천,전라남도 나주시 다도면 덕림리,
B,덕산천 (나주),전라남도 나주시 왕곡면 옥곡리,
C,덕산천2,충청남도 예산군 삽교읍 이리,
C,덕송천,경기도 남양주시 별내동,
C,덕수천,경기도 양평군 청운면 비룡리,
C,덕진천,전라북도 순창군 팔덕면 창덕리,
B,덕천2,충청북도 단양군 단성면 장회리,
C,덕천강-2,경상남도 산청군 삼장면 평촌리,
D,덕천강4,경상남도 진주시 수곡면 창촌리,
B,덕천천(군위),경상북도 군위군 고로면(덕치교 상류 10m),
C,덕치천2,강원도 홍천군 동면 덕치리,
C,도고천,충청남도 아산시 선장면 돈포리,
B,도곡천(화순),전라남도 화순군 도곡면 천암리,
D,도근천,제주도 제주시 외도이동(외도교),
C,도대천,경기도 평택시 현덕면 대안리,
B,도리천,경기도 이천시 대월면 구시리,
B,도마천(강릉),강원도 강릉시 왕산면 도마리,
C,도인천,전라북도 임실군 임실읍 갈마리,
D,도일천,경기도 평택시 신대동,
B,도천,충청남도 공주시 우성면 신웅리,
C,도통천,전라북도 진안군 성수면 도통리(도룡2교),
C,도포천,전라남도 영암군 덕진면 용산리,
D,도호천,광주광역시서구서창동,
D,독산천,경상남도 진주시 내동면 독산리,
C,돌산천,전라남도 여수시 돌산읍 우두리(도실삼거리),
B,동계-1,전라북도 순창군 적성면 구미리(구미교상류2km),
C,동계천(곡성),전라남도 곡성군 죽곡면 동계리,
B,동계천(안동),경상북도 안동시 예안면 태곡리(태곡교),
C,동곡천,경상북도 청도군 금천면 동곡리,
C,동대천,충청북도 단양군 영춘면 용진리,
B,동두천,경기도 동두천시 보산동,
C,동룡천,전라남도 순천시 별량면 송기리,
C,동막천,강원도 홍천군 서면 길곡리,
B,동막천-1,경기도 용인시 수지구 동천동,
C,동산천,경기도 이천시 호법면 주박리,
C,동진강1-2,전라북도 정읍 시 칠보면 복호1길42,
C,동진강2-2,전라북도 정읍 시 정우면 대북길25-45,
D,동진강4,전라북도 김제시 부량면 전군 길215-18,
B,동창천2,경상남도 밀양시 상동면 고정리,
,동천(문현),부산광역시 남구 문현동,
B,동천(화순),전라남도 화순군 동면 도리,
C,동천1(중산),울산광역시 북구 중산동,
C,동천2(밀양),경상남도 밀양시 산외면 희곡리,
B,동천3,경상북도 영양군 입암면 연당리(연당교),
C,동혈천,충청남도 공주시 의당면 청룡리,
C,동홍천,"제주도 서귀포시 서귀동(정방교,서복전시 관옆교량)",
C,동화천 (장수),전라북도 장수군 산서면 동화리,
B,동화천1,대구광역시동구미대동,
E,동화천2,대구광역시 북구 동변로동(동변교),
C,두계천-1,충청남도 계룡시 엄사리,
C,두미천(이천),경기도 이천시 모가면 신갈리,
B,두월천,전라북도김제시월성동,
C,둔남천2,전라북도 임실군 오수면 대명리,
D,둔포천,충청남도 아산시 둔포면 시포리,
D,등동천,대전광역시 대덕구 용호동,
D,람천-1,전라북도 남원시 운봉읍 공안리,
C,람천3,전라북도 남원시 산내면 입석리,
C,마병천,울산광역시 울주군 두동면 천전리,
C,마산천-1 (논산),충청남도 논산시 연무읍 마산리,
B,마쌍천,경상남도 의령군 대의면 마쌍리,
D,마읍천,전라남도 영광군 군서면 마읍리,
B,마읍천2,강원도 삼척시 근덕면 동막리,
B,마일천,경기도 가평군 하면 신하리,
D,마정천,충청남도 천안시 서북구 성환읍 율금리,
D,마치천,전라북도 진안군 백운면 평장리,
C,막곡천,경상남도 의령군 유곡면 세간리,
C,만경강1,전라북도 완주군 동상면 동상로1413,
C,만연천,전라남도 화순군 화순읍 만연리,
C,망율천,경상북도 안동시 일직면 명진리(명진2교),
C,망호천,전라남도 영암군 영암읍 망호리,
,매곡천(아산),충청남도 아산시 탕정면 매곡리,
C,매곡천(이천),경기도 이천시 호법면 매곡리,
D,매암천,충청남도 청양군 남양면 용두리,
C,매유천,경기도 여주시 능서면 매류리,
C,매포천-1,충청북도 단양군 매포읍 안동리,
D,맹산천,전라남도 장흥군 장동면 북교리,
B,명관천,경상남도 의령군 용덕면 정동리,
C,명동천,전라남도 장흥군 장평면 두봉리,
B,명성천,경기도 양평군 단월면 석산리,
B,명허천,충청남도 공주시 사곡면 회학리,
C,목면1,충청남도 청양군 목면 신흥리,
C,목천포천,전라북도 익산시 고잔1길28,
C,목행대교,"충청북도 충주시 목행동(목행교, 충주댐 하류)",
C,무릉천(김천),경상북도 김천시 지례면(탄동교),
C,무릉천(김해),경상남도 김해시 한림면 병동리,
D,무심천-1,충청북도 청원군 남일면 고은리,
C,무안1,전라남도 무안군 몽탄면 명산리(몽탄대교),
D,무안3,전라남도 무안군 상향면 옥암리(방조제앞),
E,무안천,경상남도 밀양시 무안면 모로리,
C,무안천-1,전라남도 무안군 무안읍 성동리,
C,무주남대천-1,전라북도 무주군 무풍면 철목리,
C,무한천-2,충청남도 청양군 비봉면 록평리,
B,문곡천1,강원도 영월군 북면 문곡리,
B,문덕천,전라남도 보성군 문덕면 동산리,
B,문상천,경상북도 영양군 일월면 문암리,
C,문송천,경상남도 합천군 삼가면 몬송리,
B,문호천1,경기도 양평군 서종면 문호리,
B,문호천-1,경기도 양평군 서종면 도장리,
C,물금,경상남도 양산시 물금읍 물금리,
C,물금-1,경상남도 김해시 생림면(낙동인도교),
C,물금-2,경상남도 밀양시 삼랑진읍 송지리(삼랑진교),
B,물치천2,강원도 양양군 강현면 장산리,
C,미곡천,경상남도 합천군 청덕면 삼학리,
B,미곡천1,경상남도 산청군 생비량면 화현리,
,미당천 (청양),충청남도 청양군 청남면 지곡리,
C,미력천,전라남도 보성군 미력면 용정리,
B,미세천,경기도 양평군 서종면 노문리,
B,미원천1(가평),경기도 가평군 설악면 묵안리,
B,미원천2(청주),충청북도 청주시 상당구 미원면 운암리,
D,미천-1,경상북도 의성군 옥산면 구성리(시목교),
C,미천-2,경상북도 의성군 점곡면 서변리(점곡교),
C,미호천-1,충청북도 음성군 삼성면 천평리,
C,미호천1-2,충청북도 진천군 이월면 미잠리,
B,미호천3-1,충청북도 청원군 북이면 화상리,
C,밀양강3,경상남도 밀양시 삼랑진읍 미전리(삼상교),
C,박달천,경상남도 하동군 양보면 지례리,
B,반계천,충청남도 태안군 원북면 마산리,
B,반변천1A-1,경상북도 영양군 입암면 흥구리(흥구교 하류 400m 지점),
E,반변천2-1,경상북도 안동시 용상동(용정교),
C,반석천,대전광역시 유성구 장대동,
B,반천,경상남도 산청군 시 천면 중태리,
C,반포천,서울특별시 동작구 동작동,
C,발안천,경기도 화성시 장안면 독정리(호소지점),
C,방곡천,경상남도 산청군 오부면 양촌리,
C,방산천,전라북도 순창군 쌍치면 둔전리,
B,방초천,경기도 안성시 일죽면 고은리,
D,백록천(양산),경상남도 양산시 하북면 백록리,
C,백봉천,경기도 용인시 처인구 백암면 고안리,
E,백연천,전라남도 구례군 구례읍 봉동리,
A,백운동천,전라북도 진안군 백운면 백암리(흰구름이머무는풍경 아래 옆 통나무산장 아래),
B,백운천 (화순),전라남도 화순군 청풍면 차리,
C,백운천(구례),전라남도 구례군 간전면 운천리,
C,백천-1(부안),전라북도 부안군 상서면 청림리(노적교),
B,백천-3,경상북도 성주군 선남면(동암교),
C,번천1,경기도 광주시 중부면 오전리,
D,범곡천,경상북도 경주시 산내면 대현리,
D,범어천,대구광역시 수성구 범어동(중앙고 옆),
B,범왕천,경상남도 하동군 화개면 범왕리(범왕교 상류 목동교 인근),
C,법전천,경상북도 봉화군 법전면 소천리(봄여름가을겨울이야기),
C,벽제천,경기도 고양시 덕양구 대자동,
C,병성천-1,경상북도 상주시 병성동(승천원),
C,병천천-1,충청북도 청주시 흥덕구 옥산면 장남리,
C,보발천,충청북도 단양군 가곡면 보발리,
B,보산천,경상남도 함양군 지곡면 공배리,
B,보성강-1,전라남도 보성군 겸백면 석호리(숙호교),
D,보성천-2,전라남도 곡성군 죽곡면 하한리(압록교(한우리참숯갈비)),
B,보청천1-1,충청북도 보은군 내북면 이원리(이원초교 300m하류 다리),
A,보청천3-2,충청북도 옥천군 청성면 고당리(원당마을 입구),
C,보현천,경상북도 청송군 안덕면 복리(하평교),
B,복내천2,전라남도 보성군 복내면 반석리,
C,복하천1-1,경기도 이천시 갈산동(복하2교),
B,복하천2-1,경기도 여주군 흥천면 다대리(흥천교),
D,본리천,대구광역시 달성군 옥포면(대주정공 옆 다리),
C,봉곡천,경상북도구미시선산읍,
C,봉당천,충청남도 보령시 주교면 관창리,
E,봉동천,경상북도 영천시 괴연동(본촌교),
D,봉무천,경기도 용인시 처인구 남사면 봉무리,
C,봉성포천,경기도 김포시 양촌읍 누산리,
C,봉조천,전라남도 곡성군 오곡면 봉조리,
C,봉황천,전라남도 나주시 부덕동,
C,봉황천-2,충청남도 금산군 남일면 마장리,
D,부기천,경상북도 경산시 진량읍(부하교),
D,부동천2,전라남도 장흥군 장흥읍 건산리,
D,부목천,경상남도 함안군 대산면 장암리),
C,부산천,전라남도 장흥군 부산면 호계리,
B,부안천,경기도 양평군 단월면 삼가리,
C,부여1,충청남도 부여군 규암면 외리(백제대교),
C,부여1-1,충청남도 부여군 규암면 호암리,
C,부용천,경기도 의정부시 신곡동,
A,북한천,서울특별시 은평구 진관동,
C,불갑천3,전라남도 영광군 염산면 축동리,
C,비산천(의성),경상북도 의성군 구천면(유산교),
D,사직,"강원도 삼척시 오분동(삼척교, 삼척역)",
C,사직천,경기도 포천시 일동면 사직리,
D,사창천(군위),경상북도 군위군 효령면(장기교),
C,사천1,전라북도 순창군 금과면 대성리,
C,사천2,전라북도 순창군 순창읍 신남리,
C,사촌천,경상남도 김해시 생림면 생림리,
C,사탄천,경기도 양평군 옥천면 옥천리,
C,사포교천,경기도 파주시 검산동,
C,산곡1,경상북도 구미시 선산읍 독동리,
C,산곡-1,경상북도 구미시 도개면 월림리,
C,산곡2,경상북도 구미시 해평면 월곡리,
C,산내천 (합평),전라남도 함평군 해보면 상곡리,
C,산마천,경상북도 의성군 금성면(초전교),
D,산방천,충청남도 천안시 동남구 목천읍 동평리,
D,산북천-1,전라북도 익산시 낭산면 호암리,
C,산북천-2,전라북도 익산시 용동면 화실리,
B,산이천(문경),경상북도 문경시 문경읍 관음리(관음2교),
D,산정천 (청양),충청남도 청양군 화성면 산정리,
C,산정천(장성),전라남도 장성군 남면 삼태리,
C,삼계천1,전라남도 장성군 삼계면 내계리,
C,삼계천2,전라남도 장성군 삼서면 두월리,
C,삼기천2,전라남도 곡성군 겸면 가정리,
D,삼동암천,인천광역시 강화군 불은면 고능리,
B,삼막천,경기도 안양시 만안구 안얀동,
C,삼봉리1,경기도남양주시조안면삼봉리,
C,삼성천 (금남),세종특별자치시 금남면 집현리,
C,삼장천,경상남도 산청군 삼장면 대포리(내원사),
C,삼정천,울산광역시 울주군 청량면 덕하리,
B,삼창천,전라남도 순천시 송광면 삼청리,
C,삼천1-2,전라북도 전주시 완산구 평화동3가장교로38-6,
C,삼포천1-1,전라남도 영암군 시종면 신흥리,
D,삼포천3,전라남도 무안군 일로읍 복룡리,
C,삼학천,전라남도 영광군 묘량면 신천리,
C,삼화천,충청북도 단양군 어상천면 대전리,
D,삽교천,경기도 파주시 금촌동,
B,삽교천-1,충청남도 홍성군 홍동면 운월리,
D,삽교천5,충청남도 아산시 인주면 문방리(삽교방조제),
C,상곡천2,전라북도 무주군 무주읍 당산리,
C,상남천(밀양),경상남도 밀양시 상남면 외산리,
C,상덕천,전라남도 곡성군 겸면 괴정리,
C,상신천,경상남도 합천군 쌍책면 건태리,
C,상안천(상안),울산광역시 북구 상안동,
C,상열미천,경기도 광주시 곤지암읍 열미리,
C,상운천,강원도 양양군 손양면 상운리,
C,상월천,전라북도 임실군 관촌면 방현리,
C,상주-1,경상북도 상주시 사벌면 퇴강리,
C,상주1-1,경상북도 예천 풍양면 효갈리,
C,상주1-2,경상북도 상주시 중동면 오상리,
C,상주1-3,경상북도 상주시 중동면 오상리,
C,상주2,경상북도 상주시 중동면 신암리,
C,상주2-1,경상북도 의성군 단밀면 생송리,
D,상주3,경상북도 상주시 낙동면 낙동리,
D,상지천,충청남도홍성군광천읍,
C,상황천,충청남도 부여군 장암면 화항리,
C,서곡천-1,강원도 원주시 판부면 서곡리,
C,서사천,강원도 춘천시 남산면 백양리,
B,서시천,경상북도 청송군 진보면 월전리(월전교),
A,서시천1,전라남도 구례군 산동면 대평리,
C,서원천,충청남도 당진시 송악읍 정곡리,
C,서정리천,경기도 평택시 고덕면 궁리,
C,서호천,경기도 수원시 권선구 평리동,
C,석곡천(곡성),전라남도 곡성군 석곡면 덕흥리,
C,석곡천(양평),경기도 양평군 양동면 쌍학리,
C,석곡천-1,광주광역시 북구 망월동,
C,석교천(진도),전라남도 진도군 진도읍 남동리(쉬미제방전),
C,석대천,부산광역시 해운대구 반여동,
C,석문천(횡성),강원도 횡성군 둔내면 석문리,
C,석보천,전라북도 임실군 운암면 학암리,
C,석성천-2,충청남도 공주시 탄천면 장선리,
B,석성천-3,충청남도 논산시 광석면 오강리,
C,석우천,충청남도 당진시 합덕읍 옥금리,
B,석정천1,전라남도 화순군 춘양면 석정리,
C,석정천2,전라남도 화순군 춘양면 부곡리,
C,석진천,전라남도 무안군 몽탄면 다산리,
B,석천,충청북도 영동군 황간면 우매리(반야사 주차장),
A,석포4,경상북도 봉화군 재산면 현동리(현동교),
A,석포리천,경상북도 봉화군 석포면 석포리,
D,석화천1,충청북도 청주시 청원구 내수읍 입상리,
A,석흥천,전라남도 순천시 상사면 봉래리,
C,선유천,경기도 고양시 덕양구 선유동,
D,선행천-1,"인천시 강화군 선원면 선행리(남창교, 희년빌딩 옆 강화시외버스터미널 인근)",
B,설성천,경기도 이천시 장호원읍 노탑리,
A,섬강4-1,"강원도 원주시 부론면 흥호리(섬강교, 영동고속국도)",
D,성기천,경상남도 합천군 가야면 성기리(두무산교),
C,성덕-1,경상남도 밀양시 청도면 인산리,
D,성덕-2,경상남도 밀양시 무안면 삼태리,
C,성동-1,충청남도 논산시 성동면 개척리(개척배수장 상류),
C,성동천2,강원도 홍천군 북방면 화동리,
C,성리천,충청남도 예산군 오가면 분천리,
C,성북천,전라북도 완주군 화산면 백암길40-7,
C,성사천,경기도 고양시 덕양구 강매동,
C,성수천 (임실),전라북도 임실군 성수면 오봉리,
C,성전천,전라남도 강진군 성전면 송학리,
B,성천,충청북도 제천시 덕산면 신현리,
D,성황천(괴산),충청북도 괴산군 괴산읍 대사리,
D,세동천1,전라북도 진안군 부귀면 신정리,
C,세종2,충청남도 공주시 석장리동,
C,세하천,광주광역시서구세하동,
C,소가천,경상북도 고령군 대가야읍 본관리(본관교),
C,소법천,경기도 가평군 북면 소법리,
B,소성천1,전라북도 정읍 시 소성면 보화2길74,
C,소성천2,전라북도 정읍 시 고부면 백운리,
B,소양강2,"강원도 춘천시 신북읍 천전리(세월교, 동원학교 앞 교량)",
D,소양천,경기도 여주시 능서면 왕대리,
D,소양천1-1,전라북도 완주군 소양면 전진로860-13,
D,소양천3,전라북도전주시덕진구호성동3가,
B,솔티천,충청북도 단양군 단양읍 고수리,
C,송강천(충주),충청북도 충주시 산척면 송강리,
B,송경천,경상남도 산청군 산청읍 모고리,
C,송내천,전라북도 남원시 송동면 신평리,
C,송대,광주광역시 광산구 송대동,
B,송말천,경기도 이천시 백사면 백우리,
C,송방천,충청남도 청양군 청양읍 읍내리,
C,송산천,전라남도 화순군 한천면 정우리,
D,송석천1,전라남도 화순군 이양면 묵곡리,
C,송야천-2,경상북도 안동시 서후면 교리(송야교),
B,송전천,경기도 용인시 처인구 이동면 시미리,
D,송정천(기장),부산광역시 기장군 기장읍 당사리,
C,송정천(화순),전라남도 화순군 이양면 초방리,
C,송제천,경상북도 안동시 길안면 송사리(둔전교),
B,송천1,강원도 평창군 대관령면 수하리 (용산교),
B,송천1-1,강원도 강릉시 왕산면 대기리,
C,송한천2,강원도 영월군 주천면 용석리,
C,수곡천,경상남도 진주시 수곡면 원내리,
D,수락천(구례),전라남도 구례군 산동면 내산리,
B,수리천(가평),경기도 가평군 청평면 상천리,
B,수목천1,충청남도 부여군 규암면 수목리,
C,수목천2,충청남도 부여군 규암면 반산리,
C,수북천,전라남도 담양군 수북면 풍수리,
C,수암천,경기도 안양시 만안구 안얀동,
C,수어천1,전라남도 광양시 광영동(십리제방),
D,수영강5,부산광역시 수영구 수영동(민락교),
D,수영강6,부산광역시 수영구 수영동,
C,수외천,전라북도 임실군 오수면 대정리,
A,수입천2,강원도 양구군 방산면 오미리(안터교),
C,수홍천1,전라북도 순창군 적성면 괴정리,
C,순천1,전라남도 순천시 주암면 대광리(댐앞),
B,순천동천4,전라남도 순천시 교량동(동천과이사천합류부하류약1km),
C,승당천,강원도 영월군 남면 연당리,
B,시례천,울산광역시 중구 장현동,
C,시묘천,충청남도 논산시 연무읍 죽본리,
C,시암천,경상북도 상주시 은척면 봉중리(봉중교),
B,시전천,경상남도 밀양시 단장면 범도리,
C,시종천,전라남도 영암군 시종면 신흥리,
C,시항천,충청북도 영동군 양강면 묵정리,
C,식지천1,전라남도 함평군 나산면 용두리,
C,신광천 (나주),전라남도 나주시 다시면 가운리,
C,신광천(함평),전라남도 함평군 신광면 월암리,
D,신기천 (부안),전라북도 부안군 행안면 신기리,
C,신기천(거창),경상남도 거창군 고제면 농산리(높은다리),
C,신길천,경기도 안산시 단원구 신길동,
B,신내천,경기도 여주시 대신면 천서리,
B,신당천,경상북도 경주시 천북면 신당리,
C,신대천 (보령),충청남도 보령시 대천동,
C,신대천(용인),경기도 용인시 처인구 포곡읍 전대리,
B,신둔천,경기도 이천시 갈산동,
B,신등천1,경상남도 산청군 신등면 가술리,
C,신령천,경상북도 영천시 신녕면 화서리(서산교),
C,신릉천,경기도 안성시 미양면 강덕리,
C,신반천-1,경상남도 의령군 봉수면 삼가리,
C,신반천-2,경상남도 의령군 부림면 감암리,
C,신안천(고령),경상북도 고령군 개진면 직리(직동교),
C,신양천1,충청남도 청양군 운곡면 미량리,
C,신양천2,충청남도 예산군 신양면 신양리,
C,신양천3,충청남도 예산군 신양면 신양리,
C,신월천,전라남도 장흥군 유치면 대리,
D,신전천1,전라북도 진안군 진안읍 단양리,
C,신전천2,전라북도 진안군 진안읍 물곡리,
C,신정천,충청남도 금산군 남일면 음대리,
C,신천2(동두천),"경기도 동두천시 생연동(신천교, 화성 APT)",
E,신천2(봉덕),대구광역시 남구 봉덕동(중동교),
C,신평천(의성),경상북도 의성군 안사면 월소리(오소교),
C,신풍천,전라남도 곡성군 죽곡면 신풍리,
C,신흥천 (예산),충청남도 예산군 광시면 장신리,
C,심곡천(경주),경상북도 경주시 서면 심곡리,
D,심곡천(원창),인천광역시서구원창동,
B,십이탄천,경기도 가평군 상면 연하리,
B,쌍계천-1,경상북도 의성군 춘산면(빙계교),
B,쌍천-1,충청북도 괴산군 연풍면 삼풍리,
C,쌍천-2,충청북도 괴산군 칠성면 태성리,
D,아중천,전라북도 전주시 덕진구 아중천변1길32-8,
C,아천,경상남도 합천군 대양면 정양리,
C,아천1,경상북도 김천시 어모면(다남1교 인근),
C,악양천1,경상남도 하동군 악양면 중대리,
C,안금천,경기도 여주시 가남읍 삼군리,
C,안동-1,"경상북도 안동시 성곡동(영락교,안동댐 바로 앞)",
B,안동3,경상북도안동시남후면단호리,
B,안동4,경상북도 안동시 풍천면 구담리(구담교),
B,안망천,경상북도 안동시 남선면 구미리(팽목교),
C,안법천,경상남도 밀양시 단장면 미촌리,
C,안봉천,경상남도 산청군 신안면 신안리,
B,안산천1,경기도 안산시 상록구 성포동,
D,안성천1,경기도 안성시 현수동(안성교),
B,안성천-1,경기도 안성시 가현동,
B,안성천1-1,경기도 안성시 공도읍 건천리,
C,안성천3,경기도 평택시 군문동,
C,안성천4,경기도 평택시 오성면 길음리(호소지점),
C,안심천 (완주),전라북도 완주군 운주면 장선리,
C,안심천(화순),전라남도 화순군 이서면 야사리,
D,안양천5,서울특별시 양천구 목동,
B,안월천,경기도 연천군 군남면 선곡리,
C,안의천,경상남도 함양군 안의면 황곡리,
D,안태천,경상남도 밀양시 삼랑진읍 검세리,
C,앙성천2,충청북도 충주시 앙성면 능암리,
C,양근천,경기도 양평군 양평읍 양근리,
B,양덕원천,강원도 홍천군 남면 제곡리,
C,양산천,전라북도 순창군 쌍치면 전암리,
B,양산천1(문경),경상북도 문경시 가은읍 완장리,
C,양양1,강원도 양양군 양양읍 월리(양양교),
C,양지말천,"강원도 인제군 서화면 천도리(천도교, 서화초교, 천도리 매봉산측 지류)",
C,양지천(용인),경기도 용인시 처인구 마평동,
B,양천,경상남도 산청군 신안면 원지로 하정리,
B,양천-3,경상남도 합천군 삼가면 일부리,
C,양화-2,충청남도 부여군 양화면 내성리(웅포대교),
B,양화천1-2,경기도 여주군 흥천면 내양리(율극교),
C,어곡천,충청남도 논산시 벌곡면 신양리,
B,어론천,강원도 인제군 남면 신남리,
C,어옥천,경상남도 진주시 대곡면 단목리,
B,어은천,전라북도 임실군 오수면 둔덕리,
D,어천1,충청남도 공주시 우성면 어천리,
B,어천2,충청남도 공주시 우성면 어천리,
B,언양천,울산광역시 울주군 언양읍 어음리,
B,여수천,경기도 성남시 분당구 야탑동,
D,여의천(서초),서울특별시 서초구 양재동,
C,여주1-1,경기도 여주시 천송동(여주교),
C,여주1-2,경기도 여주시 능서면 백석리,
B,여주3,경기도 여주시 대신면 양촌리,
A,역천1,충청남도 서산시 운산면 수당리,
C,역천2,충청남도 당진시 정미면 대운산리,
B,연기,세종특별자치시 연기면 세종리,
C,연반천,전라남도 곡성군 석곡면 당월리,
D,연봉천,경상북도 김천시 아포읍(봉산교),
C,연산천1,충청남도 논산시 연산면 연산리,
C,연양천,경기도 여주군 여주읍 삼교리 삼교교 (37국도 교차점),
C,연초천-1,경상남도 거제시 연초면 다공리(연초교),
C,연호천,경상북도 칠곡군 지천면(하남교 상류),
B,영강2,경상북도 문경시 영순면 말웅리(낙동강 합류점 상류 2km),
D,영덕,경상북도 영덕군 영덕읍 남산동(영덕대교),
C,영덕-2,경상북도 영덕군 달산면 대지리,
B,영덕송천-1,경상북도 영덕군 창수면 오촌리,
D,영덕송천-2,경상북도 영덕군 영해면 성내리,
B,영동,충청북도 영동군 심천면 고당리(양강교),
C,영동천,경상남도 함안군 칠서면 구포리,
D,영등포,서울시 영등포구 양평동(성산대교),
D,영등포1,서울특별시 강서구 가양동(구암공원앞),
C,영산천,경상남도 창녕군 도천면 우강리,
C,영산천1,전라남도 나주시 금천면 신천리,
C,영산포-1,"전라남도 나주시 동강면 동당리(석관정나루터,고막원천합류전)",
C,영순,경상북도 문경시 영순면 말응리(영풍교),
C,영암천1,전라남도 영암군 군서면 도포리(해창교),
C,영암천1-2,전라남도 영암군 서호면 금강리,
D,영암호,전라남도 해남군 마산면 연구리,
D,영월1,"강원도 영월군 영월읍 덕포리 (영월대교, 영월역)",
B,영월2,강원도 영월군 영월읍 정양리(팔흥교),
C,영천강1,경상남도 진주시 충무공동,
B,영천강-2,경상남도 진주시 금곡면 검암리,
B,영천강-3,경상남도 고성군 영현면 침점리,
C,영평천,충청북도 충주시 주덕읍 화곡리,
C,예곡천,충청북도 옥천군 청성면 장수리,
B,예덕천,전라북도 정읍 시 산내면 예덕리,
C,예산천,충청남도 예산군 예산읍 주교리,
C,예천-1,경상북도 예천군 풍양면 삼강리,
C,오가천(괴산),충청북도 괴산군 장연면 광진리,
B,오가천(포천),경기도 포천시 창수면 오가리,
C,오덕천,충청북도 보은군 탄부면 대양리,
B,오도천(합천),경상남도 합천군 가회면 덕촌리,
D,오목천,충청남도 아산시 방축동,
C,오목천3,경상북도 경산시 압량면(압량교),
B,오봉천,충청남도 당진시 신평면 남산리,
B,오산천,경상북도 영천시 화북면 오산리(오산교),
D,오산천1(모현),경기도 용인시 처인구 모현면 능원리,
C,오수천,전라북도 순창군 동계면 서호리(서호교),
D,오수천-4,전라북도 임실군 오수면 오수리(오수교),
C,오안천,강원도 홍천군 홍천읍 하오안리,
D,오천천(고흥),전라남도 고흥군 금산면 오천리(오천교),
B,오천천(이천),경기도 이천시 마장면 관리,
B,옥계천1,경상북도 예천군 보문면 독양리(독양교),
B,옥계천-1,경상북도 영주시 장수면 반구리(반구교),
C,옥과천1,전라남도 곡성군 오산면 조양리,
C,옥과천2,전라남도 곡성군 오산면 봉동리,
B,옥녀동천2,전라북도 임실군 운암면 쌍암리,
B,옥동천1-2,강원도 영월군 김삿갓면 외룡리,
C,옥률천2,전라북도 남원시 주생면 지당리,
B,옥산천(함양),경상남도 함양군 서상면 옥산리(부전계곡민박),
A,옥정천,경기도 안성시 금광면 현곡리,
D,옥천(순천),전라남도순천시저전동,
B,옥천(옥천),충청북도 옥천군 동이면 적하리(특정지형지물 없음. 모래사장),
C,옥천천,전라남도 해남군 옥천면 신계리,
C,옥천천1,충청북도 옥천군 군북면 지오리(보골마을 입구),
D,옥택천-1,전라북도 순창군 유등면 유촌리,
D,온수천(강화),인천광역시 강화군 길상면 초지리,
C,온양천1,충청남도 아산시 송악면 역촌리,
B,올산천,충청북도 단양군 대강면 황정리,
B,옴천천-2,전라남도 강진군 옴천면 영산리,
D,옹포천1,제주도 제주시 한림읍 옹포리(월계교),
C,와룡천(장수),전라북도 장수군 천천면 비룡리,
B,와천,충청남도 아산시 염치읍 서원리,
C,와탄천1,전라남도 영광군 백수읍 입암리(영천과와탄천합류후),
B,와탄천-1,전라남도 영광군 영광읍 우평리,
C,왕덕천,충청남도 논산시 연산면 송산리,
C,왕동천,광주광역시광산구송치동,
C,왕숙천1,경기도 남양주시 진접읍 내각리(내각교),
C,왕숙천-2,경기도 포천시 내촌면 내리,
C,왕암천,충청남도 논산시 가야곡면 종연리,
C,왕지천,경상남도 진주시 명석면 왕지리,
B,왕촌천(공주),충청남도 공주시 상왕동,
C,왕촌천(산청),경상남도 산청군 오부면 중촌리,
D,왕포천2,충청남도 부여군 부여읍 동남리,
D,왕피천,경상북도 울진군 근남면 수산리(수산교),
C,왜관-1,경상북도 칠곡군 왜관읍 금남리,
C,외곡천,경상남도 합천군 합천읍 서산리,
C,외남천2,전라남도 화순군 남면 사평리,
C,외부천,충청남도 금산군 군북면 내부리,
C,외북천,경기도 포천시 영중면 영송리,
B,외서천(상주),경상북도 상주시 사벌면(상주민요마을 입구),
B,요천-1,전라북도 남원시 송동면 세전리(요천대교 하류800m),
B,요천-2,전라북도 장수군 번암면 국포리,
B,요천-4,전라북도 장수군 번암면 죽산리,
C,요천-6,전라북도 남원시 산동면 월석리,
C,요천-7,전라북도 남원시 이백면 남계리,
D,용교천,전라북도 고창군 성내면 근촌로29-11,
C,용궁천,충청남도 아산시 선장면 흥곳리,
C,용담천,경기도 여주시 금사면 전북리,
C,용문,전라남도 보성군 보성읍 용문리,
C,용문천2,경기도 양평군 용문면 마룡리,
C,용반천,전라남도 보성군 웅치면 용반리,
C,용봉천 (홍성),충청남도 홍성군 홍성읍 내법리,
D,용봉천(곡성),전라남도 곡성군 목사동면 용봉리,
C,용산,경상남도 창녕군 남지읍 대곡리,
D,용성천1,충청남도 공주시 이인면 용성리,
C,용소천(기장),부산광역시 기장군 장안읍 반룡리,
C,용소천(의령),경상남도 의령군 가례면 가례리,
B,용수천-2,충청남도 공주시 반포면 온천리,
C,용암천 (함평),전라남도 함평군 해보면 문장리,
A,용연천(양산),경상남도 양산시 하북면 용연리,
D,용연천(영천),경상북도 영천시 청통면(월평교),
C,용전천-2,경상북도 청송군 부남면 대전리(한앞교),
C,용천1,전라남도 담양군 담양읍 삼만리,
B,용천-3,"강원도 양양군 서면 북평리(용천교, 59번 국도 교차점)",
B,용포,전라북도 무주군 무주읍 용포리(용포교),
C,용호천(창녕),경상남도 창녕군 이방면(거남교),
C,용호천1 (대덕),"대전광역시 대덕구 석봉동(금강철교(현도교 하류) 하류, 대청댐 유원지)",
C,용화천(철원),강원도 철원군 갈말읍 신철원리,
C,우산,"충청북도 옥천군 동이면 우산리(금강유원지 하류, 금강4교(고속도로) 전 지류합류점)",
C,우산천1,전라북도 완주군 봉동읍 고천길228-2,
D,우산천2,전라북도 완주군 삼례읍 하리로52-11,
B,우수천,경상남도 진주시 명석면 우수리,
D,우치,광주광역시 북구 용전동 우치리(용산교다리아래),
D,운곡천(산인),경상남도 함안군 산인면 내인리,
C,운곡천(칠원),경상남도 함안군 칠원읍 운서리,
C,운곡천1,경상북도 봉화군 춘양면 애당리(도심교),
B,운문천,전라북도 완주군 고산면 대아저수로441-3,
B,운문천2,경상북도 청도군 운문면 오진리,
C,운봉천,경상남도 창녕군 성산면(석정교),
C,운암,전라북도 임실군 운암면 학암리(학암교),
C,운중천,경기도 성남시 분당구 백현동,
C,울령천2,경상북도 영덕군 영해면 원구리,
B,웅곡천(거창),경상남도 거창군 거창읍 장팔리(명진교),
C,웅곡천(화순),전라남도 화순군 화순읍 계소리,
C,웅천,충청남도 논산시 양촌면 모촌리,
C,웅천천2,충청남도 보령시 웅천읍 노천리(노천교 하류 750m 지점),
B,원당천,경기도 고양시 덕양구 원당동,
B,원당천2,전라북도 무주군 설천면 두길리,
D,원동천,경상남도 양산시 원동면 원리,
C,원박천,충청북도 제천시 봉양읍 공전리,
C,원산천,전라북도 임실군 지사면 영천리,
C,원산천1,충청남도 부여군 양화면 송정리,
C,원산천2,충청남도 서천군 한산면 신성리,
C,원서천-1,충청북도 제천시 백운면 도곡리,
D,원심천1,강원도 원주시 문막읍 반계리,
B,원주,강원도 원주시 부론면 법천리(남한강대교),
C,원천,전라북도 완주군 이서면 초남신기길124,
C,원천리천,경기도 화성시 반정동,
C,원천천,전라북도 남원시 주천면 용담리,
C,원평천1-1(김제),전라북도 김제시 금산면 금평로193-69,
D,원평천1-2 (봉남),전라북도 김제시 봉남면 종덕4길132-193,
B,원평천1-3,전라북도 김제시 봉남면 용신4길174,
,월곶,경기도 김포시 하성면 시암리,
C,월광천,경상남도 합천군 야로면 나대리(나대교),
B,월명천,강원도 양구군 양구읍 월명리,
B,월봉천 (곡성),전라남도 곡성군 곡성읍 구원리,
C,월봉천(함평),전라남도 함평군 나산면 월봉리,
B,월산천(남양주),경기도 남양주시 화도읍 금남리,
C,월정천,강원도 평창군 대관령면 유천리,
B,월현천,경상남도 의령군 정곡면 죽전리,
B,위천1A-1,경상북도 의성군 비안면 장춘리(동부교),
B,위천2,경상북도 의성군 단밀면 속암리(단밀잠수교),
C,위천2-2,경상북도 상주시 중동면 우물리(우물교),
B,위천-4,경상북도 군위군 우보면 봉산리,
C,유곡천1,경상남도 의령군 유곡면 송산리,
C,유구천1,충청남도 공주시 우성면 평목리,
D,유구천-2,충청남도 공주시 신풍면 동원리,
C,유구천-3,충청남도 공주시 사곡면 호계리,
C,유산천,경상남도 양산시 유산동,
D,유정천(곡성),전라남도 곡성군 석곡면 유정리,
C,유정천(보성),전라남도 보성군 복내면 유정리,
C,유천(장수),전라북도 장수군 계남면 호덕리,
C,유천천,전라남도 화순군 동복면 칠정리,
C,유치천2,전라남도 장흥군 유치면 덕산리,
C,율곡천(화순),전라남도 화순군 동복면 신율리,
C,율문천,강원도 춘천시 신북읍 율문리,
C,율천-2,전라북도 남원시 사매면 오신리,
D,율하천(김해),경상남도 김해시 응달동,
E,율하천(신기),대구광역시 동구 신기동,
B,은계천,경상북도 청송군 현동면 눌인리(눌인새마을교),
B,은곡천1,충청남도 청양군 청남면 대흥리,
B,은곡천2,충청남도 청양군 장평면 분향리,
D,은행천,경기도시흥시매화동,
D,음성천-1,충청북도 음성군 음성읍 평곡리,
C,응암천,전라북도 완주군 소양면 행단길33,
C,응천-1,충청북도 음성군 생극면 신양리,
C,의암댐,강원도 춘천시 신동면 의암리(신연교),
B,이사천-1,전라남도 순천시 승주읍 서평리,
B,이원-1,충청북도 옥천군 이원면 백지리,
D,이조천,경상북도 경주시 내남면 덕천리,
B,이티천,충청남도 예산군 대술면 마전리,
C,이포(양평),경기도 양평군 개군면 상자포리,
C,이포(여주),경기도 여주군 대신면 천서리,
C,익산천-2,전라북도 익산시 춘포면 학연길73-25,
C,인경천,충청북도 청주시 상당구 낭성면 호정리,
C,인노천,경상북도 구미시 고아읍 다식리,
B,인북천2,강원도 인제군 인제읍 합강리(리빙스턴교),
B,인북천-2,"강원도 인제군 서화면 서화리(반월촌보 상류 1km 지점, 반월촌보 상류 교각 바로 위)",
C,일광천(기장),부산광역시 기장군 일광면 이천리,
B,일낙천,경상북도 안동시 길안면 대곡리(교량),
B,임실1,전라북도 임실군 덕치면 회곡리(회곡교),
B,임진강1,경기도 연천군 군남면 진상리(임진교),
B,임진강3-1,경기도 파주시 파평면 두포리(전진교),
B,임천-1,경상남도 함양군 휴천면 동강리,
D,임천천(밀양),경상남도 밀양시 삼랑진읍 용성리,
D,임해진-1,경상남도 창녕군 길곡면 마천리,
C,임현천,충청북도 단양군 어상천면 율곡리,
C,입장천-1,충청남도 천안시 서북구 입장면 신두리,
C,입천,전라남도 곡성군 입면 서봉리,
D,자왕천,충청남도 부여군 부여읍 석목리,
C,작수천,울산광역시 울주군 삼남면 신화리,
D,잠실,서울특별시 송파구 신천동(잠실대교),
D,장계천(안성),경기도 안성시 죽산면 장평리,
C,장곡천,충청남도 청양군 대치면 장곡리,
C,장량천,충청북도 진천군 이월면 송림리,
C,장록천,"경기도 이천시 장록동(별명교, 70번 지방도 교차점)",
B,장릉천,경기도 이천시 율면 신추리,
D,장산천,경상북도 상주시 공성면(금계2교),
C,장성천 (논산),충청남도 논산시 양촌면 임화리,
B,장성천1-1,전라남도 나주시 노안면 금동리,
B,장수포천1,경상북도 영양군 수비면 수하리,
A,장수포천2,경상북도 영양군 수비면 수하리,
C,장안천2,전라남도 순천시 송광면 장안리,
C,장암천,경기도 이천시 호법면 후안리,
C,장양천,강원도 원주시 소초면 장양리,
C,장연천,충청북도 옥천군 청성면 고당리,
C,장월평천,경기도 고양시 일산서구 구산동,
C,장진천1,경기도 파주시 조리읍 대원리,
B,장흥,전라남도 장흥군 장평면 녹양리,
C,적상천2,전라북도 무주군 무주읍 용포리,
C,적성,전라북도 순창군 적성면 고원리(적성교),
B,적암천,충청북도 보은군 마로면 세중리,
C,전천(이천),경기도 이천시 율면 고당리,
C,전치곡천,강원도 홍천군 북방면 역전평리,
C,전평천,충청남도 공주시 정안면 석송리,
C,정각천,충청남도 부여군 석성면 증산리,
C,정곡천(의령),경상남도 의령군 낙서면 정곡리,
C,정생천,대전광역시 중구 정생동,
D,정안천-1,충청남도 공주시 정안면 월산리,
C,정안천-2,충청남도 공주시 의당면 청룡리,
C,정읍천4-1,전라북도 정읍 시 정우면 대산2길23-1,
C,정자천-1,전라북도 진안군 부귀면 수항리,
C,정천,전라남도 화순군 도암면 도장리,
C,제요천,경기도 이천시 설성면 제요리,
B,제천천3,충청북도 충주시 산척면 명서리,
D,조경천,전라북도 전주시 덕진구 덕진동1가권삼득로390,
C,조령천1,경기도 안성시 금광면 금광리,
C,조만강3,부산광역시 강서구 봉림동,
C,조정천,충청남도 금산군 제원면 제원리,
D,조천-1,세종특별자치시 전의면 신방리,
B,조천1-2,세종특별자치시 남면 월산리(월산교),
C,종화천,경상남도 하동군 옥종면 병천리,
B,좌가천,경상남도 거창군 가북면 해평리,
D,좌광천1,부산광역시 기장군 일광면 원리,
C,좌광천2,부산광역시 기장군 장안읍 좌천리,
C,주교천1,경상남도 하동군 양보면 운암리,
C,주교천3,경상남도 하동군 금성면 궁항리,
B,주산천2,경상북도 청송군 부동면 부일리(석고개 동쪽 600m 잠수교),
C,주상천,경상남도 산청군 금서면 화계리,
C,주상천3,전라북도 부안군 계화면 의복리,
C,주암천2,전라남도 순천시 주암면 창촌리,
B,주암천3,전라남도 순천시 주암면 구산리,
C,주정천,충청남도 부여군 구룡면 주정리,
B,주진천-1(부안),전라북도 고창군 부안면 용산리(연기교),
D,주천강-1(김해),경상남도 김해시 한림면 가산리,
C,주천강1-2,강원도 영월군 수주면 도원리,
D,주촌천,전라북도 남원시 노암동,
D,주치천 (임실),전라북도 임실군 청웅면 옥석리,
D,주치천(완주),전라북도 완주군 고산면 양화로34-6,
D,주항천-1,경상남도 김해시 진영읍 사산리,
C,죽계천2,경상북도 영주시 고현동(보),
C,죽산1,전라남도 나주시 다시면 죽산리,
C,죽산천,전라남도 보성군 문덕면 죽산리,
C,죽산천1(함양),경상남도 함양군 수동면 죽산리,
B,죽산천2(안성),경기도 안성시 일죽면 월정리,
D,죽산천2(함양),경상남도 함양군 수동면 화산리,
A,중대천(광양),전라남도 광양시 다압면 하천리,
D,중랑천1,"경기도 의정부시 의정부동(신곡교, 신동초등학교)",
C,중랑천5,"서울시 성동구 성수동(용비교, 서울숲)",
C,중리천(청주),충청북도 청주시 상당구 미원리,
D,중복천,전라북도 전주시 완산구 효자동2가함대길54-23,
B,중산천(공주),충청남도 공주시 금흥동,
B,중산천(구례),전라남도 구례군 문척면 금정리,
C,중선포천,경상남도 사천시 사천읍 중선리,
C,중심사천,광주광역시동구소태동,
C,중월천,전라남도 담양군 월산면 월산리,
D,중유천,경상남도 거창군 신원면 중유리,
B,중이천,경상남도 하동군 청암면 중이리,
C,중촌천,경상남도 진주시 진성면 사곡리,
C,중평천 (공주),충청남도 공주시 탄천면 분강리,
C,지곡천(예산),충청남도 예산군 고덕면 지곡리,
D,지내천1,경상남도 진주시 집현면 정평리,
C,지동천,충청남도 예산군 신양면 대덕리,
C,지방천,충청남도 금산군 진산면 막현리,
C,지산천2,경상남도 거창군 남하면 지산리,
C,지석천-1,전라남도 화순군 이양면 율계리,
C,지석천1-2,전라남도 나주시 남평읍 우산리,
C,지석천2-1,전라남도 나주시 남평읍 수원리(남평교),
C,지수천,경상남도 진주시 지수면 청담리,
B,지암천,강원도 춘천시 서면 오월리,
D,지천-1,충청남도 청양군 청양읍 교월리,
C,지천-2(부여),충청남도 부여군 규암면 호암리,
D,지천-2(청양),충청남도 청양군 청양읍 벽천리,
A,지천-4,충청남도 청양군 남양면 온직리,
A,지천-6,충청남도 부여군 은산면 거전리,
A,지촌천,경상북도 청도군 운문면 지촌리,
C,지평천(상주),경상북도 상주시 이안면 아천리(아천교),
C,지평천(양평),경기도 양평군 지평면 월산리,
C,직리천2,경기도 광주시 오포읍 양벌리,
C,직소천2,전라북도 부안군 변산면 중계리(댐앞),
C,직지사천,경상북도 김천시 부곡동(교동교),
D,직천,충청남도 서천군 서천읍 두왕리,
C,진건천,경기도 남양주시 오남읍 양지리,
C,진성천,경상남도 진주시 진성면 온수리,
D,진월,전라남도 광양시 진월면 망덕리(섬진강휴게소나루터앞),
C,진잠천,대전광역시 유성구 원신흥동,
C,진전천-1,경상남도 마산시 진전면 오서리(진전교),
C,진중천,경기도 남양주시 조안면 진중리,
C,차곡천,경기도 연천군 군남면 삼거리,
B,차당천,경상북도 영천시 고경면(차당리노인회관),
C,창녕,경상남도 합천군 덕곡면 율지리,
C,창의천,경기도 가평군 설악면 신천리,
C,창평천1,전라남도 담양군 창평면 창평리,
C,창평천2,전라남도 담양군 고서면 동운리,
B,척과천1,울산광역시 울주군 범서읍 척과리,
C,척과천2,울산광역시중구다운동,
E,천내천,대구광역시 달성군 화원읍(명천교),
C,천원천-1,전라북도 정읍 시 정읍 남로1057,
A,천은천,전라남도 구례군 광의면 연파리,
B,청계사천,경기도 의왕시 청계동,
C,청계천3,"서울시 성동구 사근동(한양대 인근 수중보, 내부순환도로 고가)",
B,청담천,"경기도 양주시 덕정동(덕정교, 덕정역 인근)",
D,청도천-3,경상북도 청도군 각남면 화리,
C,청룡두천,경기도파주시연다산동,
D,청리천(상주),경상북도 상주시 청리면(율리교),
B,청리천(양구),강원도 양구군 남면 청리,
C,청미천-1,경기도 용인시 처인구 백암면 백봉리,
C,청미천1-4,경기도 이천시 장호원읍 장호원리(청미천교),
B,청원-1,세종특별자치시 부강면 부강리 (가교),
B,청원-2,세종특별자치시 연기면 세종리,
C,청원-3,세종특별자치시 연기면 세종리,
B,청풍천1,전라남도 화순군 청풍면 신리,
B,초강1-1,충청북도 영동군 황간면 마산리,
D,초강1-2,충청북도 영동군 황간면 우천리,
B,초강1-3,충청북도 영동군 영동읍 심원리,
C,초강2,충청북도 영동군 심천면 심천리(심천교),
C,초계천,강원도 고성군 거진읍 대대리,
C,초동천,경상남도 밀양시 초동면 검암리,
C,초평천-1,충청북도 음성군 원남면 조촌리,
C,추동천(진안),전라북도 진안군 마령면 덕천리,
C,추령천-1,전라북도 순창군 복흥면 동산리,
C,추풍령천-1,충북 영동군 상촌면 하도대리(잠수교-교량 이름 없음),
C,춘양천,전라남도 화순군 춘양면 가봉리,
C,춘천1-1,강원도 춘천시 서면 신매리(신매대교),
B,충주댐1,충청북도 충주시 종민동(댐앞),
B,치성천2,충청남도 청양군 목면 화양리,
C,치천-1,전라북도 순창군 구 림면 운남리,
D,칠곡,경상북도 칠곡군 석적읍 중지리,
D,칠곡1,경상북도 칠곡군 왜관읍 석전리,
D,칠량천,전라남도 강진군 칠량면 장계리,
C,칠산천1,충청남도 부여군 임천면 만사리,
C,칠산천2,충청남도 부여군 임천면 칠산리,
B,침곡천,전라남도 곡성군 오곡면 침곡리,
C,탄동천,대전광역시 유성구 구성동,
C,탄천4-1,"서울시 송파구 장지동 (대곡교, 복정역 인근)",
D,탄천5,"서울시 강남구 삼성동(삼성교, 잠실주경기도장)",
A,탐진강1-2,전라남도 장흥군 유치면 봉덕리,
D,탐진강3,"전라남도 강진군 군동면 석교리(석교교,강진취수장취수보)",
C,탑천-2,전라북도 군 산시 대야면 서광산길1,
C,토일천,경상북도 영주시 평은면 천본리(와평교),
B,토평천1-1,경상남도 창녕군 유어면 대대리,
B,파포천2,강원도 화천군 상서면 신대리,
C,파포천3,강원도 화천군 화천읍 중리,
B,팔당댐1,"경기도 하남시 배알미동(수자원공사 앞, 방류 후 구간)",
B,팔송천,충청북도 제천시 봉양읍 명도리,
C,평강천,부산광역시 강서구 강동동,
D,평지천 (임실),전라북도 임실군 덕치면 가곡리,
C,평창강1-2,강원도 평창군 평창읍 후평리 (여만교),
C,평창강3-1,강원도 영월군 영월읍 팔괴리 팔괴교(세경대학교),
B,평창강3-2,강원도 영월군 주천면 판운리,
C,평천,강원도 홍천군 두촌면 역내리,
D,평촌천(화순),전라남도 화순군 남면 내리,
D,포남,"강원도 강릉시 포남동(포남교, 입암주공 APT 인근)",
B,풍산천,강원도 화천군 화천읍 풍산리,
D,풍영정천-2,광주광역시 광산구 신가동,
D,풍천(남원),전라북도 남원시 인월면 취암리,
C,풍촌천,전라북도 남원시 금지면 입암리,
B,하거천,경상북도 영천시 자양면 충효리(검단교),
B,하금천,경상남도 합천군 대병면 하금리,
C,하동,경상남도 하동군 하동읍 읍내동(섬진교),
D,하림천,경상남도 의령군 용덕면 죽전리,
C,하빈천-1,대구광역시달성군하빈면,
D,하소천,충청북도 제천시 영천동,
C,하수남천,강원도 횡성군 우천면 양적리,
B,하한천,전라남도 곡성군 죽곡면 하한리,
D,하환천,충청남도 부여군 초촌면 소사리,
B,학동천(광주),경기도 광주시 초월읍 선동리,
C,학리천,경상남도 합천군 삼가면 덕진리,
D,학산천 (영동),충청북도 영동군 양산면 원당리,
C,학산천2,전라남도 영암군 서호면 몽해리,
D,학성,울산광역시 남구 삼산동(학성교),
D,학정천,전라남도 곡성군 곡성읍 읍내리,
B,한강-1,강원도 정선군 정선읍 귤암리,
B,한강-2,강원도 평창군 미탄면 마하리 (백룡동굴 생태학습장 입구),
D,한계천(춘천),강원도 춘천시 신동,
B,한교천1,전라북도 정읍 시 북면 양천길31-2,
B,한벌천,충청북도 음성군 소이면 대장리,
C,한전천,강원도 양구군 양구읍 죽곡리,
C,한천(여주),경기도 여주시 대신면 천남리,
C,한천1(안성),경기도 안성시 보개면 동평리,
B,한천-1(진천),충청북도 진천군 덕산면 용몽리,
C,한천2,경기도 안성시 대덕면 보동리,
C,한천3,경기도 안성시 대덕면죽리,
B,한천-3(예천),경상북도 예천군 개포면 경진리,
C,한천-4,경상북도 구미시 산동면 성수리(옥계교),
C,한천천2,전라남도 화순군 한천면 금전리,
B,한탄강4,경기도 연천군 군남면 남계리(차탄천 합류 이후 임진강 합류 전),
C,함열천,전라북도 익산시 함열읍 와리,
C,합천,경상남도 합천군 청덕면 양진리(적포교),
C,합천-1,경상남도 창녕군 이방면 등림리,
C,항금천,경기도 양평군 강하면 왕창리,
B,해남천,전라남도 해남군 해남읍 복평리,
D,행정천,충청남도 청양군 비봉면 양사리,
C,행주1,경기도 고양시 덕양구 행주외동,
C,향동천,서울특별시 마포구 상암동,
C,향리천,경기도 양평군 개군면 하자포리,
C,현내천 (금산),충청남도 금산군 부리면 평촌리,
C,현내천 (논산),충청남도 논산시 성동면 우곤리,
B,현도,대전광역시 대덕구 문평동,
C,현리천,경상북도 청도군 풍각면 봉기리,
D,현산강4,경상북도 포항시 남구 상도동(연일대교),
C,현지천,경상남도 진주시 금산면 가방리,
C,현풍천,대구광역시 달성군 현풍면(원호루교),
C,현하천,경상북도 안동시 길안면 현하리(현하교),
C,호동천,전라남도 영암군 군서면 동호리,
C,호산천2,강원도 삼척시 원덕읍호산리,
D,홍릉천,경기도 남양주시 삼패동(석실교),
B,홍천강2-1,강원도 춘천시 남면 한덕리(한덕교),
D,화봉천,경기도 안성시 일죽면 주천리,
C,화산천(울주),울산광역시 울주군 서생면 화산리,
B,화성천,전라북도 진안군 안천면 백화리,
C,화신천,경상북도 의성군 비안면 화신리,
B,화양강1,강원도 홍천군 화촌면 외삼포리,
C,화양천(홍성),충청남도 홍성군 홍북면 대인리,
B,화원천,경상북도 영양군 영양읍 대천리(대천교),
C,화천(원주),"강원도 원주시 봉산동(반곡교, 삼익 APT)",
C,화천(화천),강원도 화천군 간동면 구만리(구만교),
C,화천천-1,강원도 화천군 화천읍 신읍리,
B,황강1-3,경상남도 거창군 남하면 대야리(24번국도 SK무궁화주유소 아래),
B,황강1-4,경상남도 합천군 봉산면 김봉리,
C,황강6,경상남도 합천군 청덕면 삼학리(청덕교),
D,황공천,경기도 연천군 미산면 우정리,
C,황동천,전라북도 익산시 춘포면 궁성로527,
B,황둔천,강원도 원주시 신림면 황둔리,
C,황룡강3-1,광주광역시 광산구 황룡동(송정제2교),
C,황암천,충청북도 괴산군 청천면 삼락리,
A,황지2-1,경상북도 봉화군 석포면 대현리(석포대교),
C,황천천1,전라남도 순천시 황전면 괴목리,
C,황천천2,전라남도 순천시 황전면 수평리,
B,황천천3,전라남도 순천시 황전면 수평리,
B,회룡천(순천),전라남도 순천시 황전면 대치리,
C,회룡천(아산),충청남도 아산시 배방읍 갈매리,
C,회암천,경기도 양주 덕정동,
C,회야강3,울산광역시 울주군 온산읍 삼평리(상회2교),
C,회천2-2,경상북도 고령군 우곡면 객기리(객기양수장 하루 200m),
B,효곡천,전라남도 구례군 간전면 효곡리,
C,효촌천,전라북도 남원시 이백면 과립리,
B,후곡천-1,전라북도 임실군 삼계면 후천리,
B,흑천,충청북도 보은군 내북면 성암리,
